"loudness","energy","acousticness","instrumentalness","valence"
-5.274,0.854,0.0498,0.000253,0.699
-3.464,0.855,0.00341,0.0428,0.609
-5.308,0.617,0.171,0,0.759
-13.106,0.235,0.917,0.264,0.382
-10.344,0.714,0.000726,0.908,0.269
-6.901,0.771,0.00119,0.0261,0.743
-2.976,0.992,0.004,2.73e-05,0.2
-13.509,0.573,0.906,0.86,0.65
-9.089,0.445,0.99,0.538,0.192
-7.28,0.397,0.556,0,0.307
-5.3,0.866,0.0361,0.0803,0.64
-11.888,0.2,0.921,0,0.343
-6.837,0.601,0.268,0.000278,0.526
-6.127,0.81,1.04e-05,1.34e-06,0.638
-21.734,0.175,0.949,0.131,0.0639
-10.101,0.702,0.0109,0,0.602
-9.253,0.983,0.00775,0.0295,0.195
-3.793,0.769,0.48,0,0.809
-7.252,0.394,0.117,0,0.419
-6.852,0.822,0.741,0,0.334
-9.599,0.47,0.21,0,0.698
-9.59,0.496,0.239,4.83e-06,0.679
-4.592,0.903,0.0158,0.000333,0.95
-5.931,0.838,0.576,0,0.501
-6.4,0.583,0.544,0,0.523
-12.585,0.343,0.552,1.2e-06,0.371
-5.739,0.784,0.0153,0.00912,0.214
-11.576,0.535,0.589,0.0238,0.663
-5.556,0.475,0.148,0,0.335
-3.711,0.89,0.143,0,0.579
-4.58,0.742,0.028,0,0.682
-5.141,0.902,0.13,0.00035,0.774
-6.279,0.637,0.0443,0,0.121
-22.646,0.0811,0.879,0.00313,0.0503
-4.354,0.697,0.788,0,0.974
-5.868,0.951,5.9e-05,0.00318,0.132
-7.162,0.945,0.00514,0.0224,0.571
-15.861,0.571,0.408,0.00109,0.143
-8.379,0.446,0.949,0.0978,0.0894
-5.15,0.956,7.61e-05,0.0378,0.115
-20.476,0.157,0.691,0.941,0.0379
-5.602,0.488,0.896,4.84e-05,0.557
-2.394,0.901,0.0437,0.00274,0.617
-20.092,0.343,0.959,0.93,0.45
-10.019,0.625,0.776,0.000327,0.961
-14.273,0.464,0.782,2.62e-06,0.828
-4.159,0.935,0.0171,0.00301,0.339
-4.047,0.986,0.209,0.0448,0.194
-2.68,0.902,0.566,0,0.652
-4.338,0.795,0.00258,0,0.685
-17.55,0.179,0.904,0.00188,0.117
-11.534,0.191,0.9,0,0.396
-4.833,0.945,0.00234,0.000158,0.409
-6.358,0.552,0.893,6.39e-06,0.771
-5.794,0.874,0.00241,0,0.16
-34.243,0.00821,0.993,0.941,0.209
-8.769,0.768,0.12,6.15e-05,0.853
-7.753,0.505,0.506,1.8e-06,0.136
-4.723,0.981,3.57e-06,0.0104,0.274
-4.229,0.939,0.0136,8.68e-06,0.147
-10.934,0.413,0.261,1.93e-05,0.59
-5.61,0.803,0.198,0.0102,0.786
-2.189,0.99,0.000151,0.000161,0.443
-4.004,0.977,1.74e-05,0.528,0.108
-8.035,0.795,4.35e-05,0.9,0.317
-4.514,0.897,0.0126,0.187,0.331
-6.674,0.873,0.00822,0.00453,0.868
-15.002,0.223,0.943,0.798,0.103
-3.024,0.977,0.00137,1.77e-05,0.746
-13.035,0.155,0.427,0.0637,0.682
-8.61,0.355,0.733,1.22e-05,0.22
-7.943,0.711,0.632,0.00312,0.507
-5.281,0.51,0.915,0,0.478
-6.167,0.451,0.283,0,0.59
-3.625,0.908,0.0072,6.84e-05,0.42
-8.13,0.659,0.334,0,0.35
-3.72,0.674,0.169,0,0.92
-9.273,0.511,0.0366,0.00631,0.0958
-7.631,0.314,0.916,0,0.836
-5.139,0.966,0.00362,0,0.55
-9.544,0.445,0.734,5.87e-06,0.351
-13.449,0.534,0.0172,0.925,0.826
-4.279,0.859,0.303,1.34e-06,0.664
-9.09,0.345,0.749,0,0.801
-26.199,0.0312,0.991,0.938,0.24
-9.028,0.301,0.931,0.444,0.167
-2.706,0.967,0.00104,0.0149,0.364
-7.572,0.817,0.618,7.71e-06,0.96
-7.015,0.755,0.564,0.00267,0.597
-6.572,0.769,0.412,0,0.86
-5.717,0.827,0.22,0,0.454
-12.544,0.503,0.00763,0.00142,0.802
-9.978,0.532,0.288,8.19e-05,0.446
-3.277,0.967,0.000248,2.64e-06,0.226
-5.38,0.873,0.000127,0.000778,0.386
-3.066,0.976,0.0206,1.02e-06,0.326
-9.251,0.317,0.956,0,0.535
-6.373,0.891,7.8e-06,0.849,0.179
-6.87,0.728,0.736,0,0.776
-9.774,0.302,0.593,0.00162,0.187
-7.707,0.767,0.000245,0.84,0.676
-13.763,0.334,0.735,1.02e-05,0.393
-5.573,0.853,0.00456,0,0.488
-9.756,0.644,0.898,0,0.804
-3.971,0.927,0.167,0.00927,0.369
-0.958,0.968,5.68e-05,0.0551,0.559
-15.938,0.33,0.568,0,0.705
-8.389,0.465,0.343,0.884,0.173
-7.519,0.532,0.897,0.144,0.121
-8.994,0.29,0.852,0,0.792
-14.062,0.493,0.77,0,0.895
-12.026,0.259,0.976,0,0.486
-8.44,0.6,0.686,0,0.532
-5.683,0.667,0.691,0,0.59
-4.341,0.953,0.782,0,0.212
-4.871,0.666,0.404,0,0.783
-19.232,0.298,0.858,0.793,0.05
-17.375,0.196,0.804,8.95e-06,0.333
-12.457,0.762,0.206,0.769,0.036
-3.724,0.664,0.615,0,0.92
-9.447,0.695,0.00111,0.0857,0.413
-14.097,0.402,0.868,5.66e-06,0.717
-4.996,0.917,0.00753,0.000652,0.645
-13.681,0.56,0.252,0.0322,0.475
-13.711,0.287,0.972,0,0.516
-14.97,0.727,0.15,0.93,0.643
-8.138,0.458,0.0576,0,0.114
-6.274,0.957,7.06e-06,0.139,0.251
-9.846,0.377,0.725,1.83e-06,0.835
-11.679,0.551,0.00489,0.114,0.558
-4.768,0.873,0.00532,0.0055,0.303
-4.447,0.809,0.0116,3.08e-05,0.872
-6.669,0.765,0.453,0,0.906
-6.576,0.807,0.66,0,0.843
-5.79,0.591,0.453,0.000695,0.228
-11.876,0.369,0.183,0.00126,0.65
-5.979,0.971,0.0467,0,0.647
-5.118,0.82,0.00694,0.00457,0.779
-2.113,0.966,0.212,1.43e-06,0.844
-8.016,0.462,0.0421,1.4e-05,0.165
-8.837,0.66,0.766,0,0.483
-8.109,0.737,0.642,0,0.663
-13.982,0.154,0.884,0,0.295
-3.453,0.871,0.0553,0.51,0.374
-19.184,0.0885,0.991,0.945,0.195
-5.475,0.918,0.00228,0,0.674
-4.539,0.976,1.64e-05,0.395,0.417
-20.967,0.136,0.98,0.898,0.188
-7.993,0.887,0.0908,3.41e-06,0.182
-3.6,0.958,0.000156,0.28,0.0573
-3.48,0.869,0.0306,0,0.522
-23.103,0.149,0.975,0.872,0.973
-21.597,0.0877,0.662,0.961,0.026
-10.463,0.462,0.271,0,0.677
-8.207,0.517,0.653,0,0.497
-9.682,0.569,0.365,0.611,0.53
-16.867,0.109,0.847,0,0.677
-4.887,0.924,0.0484,0,0.58
-7.564,0.699,0.349,0.000241,0.156
-5.604,0.976,0.0398,7.84e-05,0.421
-5.611,0.953,0.0234,0.00126,0.74
-3.407,0.924,4.02e-05,0.00462,0.219
-14.338,0.388,0.181,0.838,0.767
-9.274,0.585,0.375,0.0101,0.721
-7.535,0.386,0.773,0.000253,0.592
-5.857,0.807,0.27,0,0.45
-5.618,0.694,0.00045,0,0.166
-4.787,0.757,0.00777,0.000154,0.878
-9.692,0.488,0.274,0.0011,0.156
-4.013,0.746,0.352,0,0.478
-3.228,0.979,5.65e-05,0.879,0.202
-7.465,0.661,0.00533,1.45e-05,0.953
-8.079,0.488,0.589,0,0.539
-21.055,0.25,0.00209,0.911,0.306
-8.59,0.824,0.438,2.34e-05,0.966
-8.438,0.582,0.646,0,0.713
-8.686,0.563,0.0305,0,0.521
-13.646,0.941,8.61e-06,0.93,0.219
-5.065,0.875,0.0334,0.00289,0.802
-5.68,0.83,0.201,0,0.599
-6.314,0.535,0.143,0.888,0.566
-6.43,0.69,0.000443,0,0.451
-8.038,0.657,0.589,0,0.797
-18.039,0.351,0.891,0.769,0.0734
-5.653,0.573,0.107,0,0.0765
-4.507,0.888,0.000545,2.04e-05,0.512
-7.801,0.742,0.219,2.25e-05,0.537
-3.259,0.939,0.338,0,0.486
-7.687,0.669,0.00319,6.24e-06,0.362
-20.849,0.0378,0.973,0.869,0.0398
-5.375,0.489,0.726,0,0.531
-12.584,0.228,0.966,3.81e-05,0.258
-7.777,0.415,0.616,0,0.425
-5.579,0.924,0.121,0,0.918
-5.379,0.464,0.0102,0,0.457
-3.687,0.8,0.0442,0,0.56
-6.556,0.529,0.73,0,0.575
-27.208,0.00983,0.991,0.919,0.27
-1.502,0.998,0.0665,0,0.54
-4.359,0.828,0.037,2.1e-05,0.932
-1.859,0.992,0.000242,0.162,0.303
-28.262,0.00153,0.969,0.995,0.0671
-7.313,0.644,0.0351,0.879,0.498
-4.353,0.99,0.14,6.54e-05,0.694
-7.239,0.672,0.817,1.08e-06,0.742
-5.529,0.713,0.0555,0,0.361
-6.083,0.868,0.014,0,0.561
-9.665,0.309,0.807,2.44e-05,0.824
-13.64,0.323,0.812,0.941,0.378
-7.734,0.597,0.747,0,0.837
-6.563,0.552,0.841,0,0.635
-10.818,0.627,0.113,0.00033,0.855
-8.362,0.543,0.419,4.05e-05,0.561
-4.055,0.638,0.758,0.00657,0.511
-17.026,0.811,0.00104,0.964,0.327
-6.195,0.906,0.0341,7.83e-05,0.68
-6.358,0.814,0.243,0.0102,0.914
-11.581,0.328,0.867,0,0.198
-15.618,0.348,0.152,0,0.664
-6.612,0.624,0.637,0,0.788
-3.577,0.703,0.332,0,0.646
-13.054,0.604,0.000122,0.706,0.259
-16.022,0.337,0.812,0.957,0.551
-6.508,0.838,0.707,0,0.821
-3.001,0.824,0.307,0,0.311
-12.742,0.719,0.00652,0.011,0.16
-5.237,0.867,0.129,0.00176,0.358
-6.847,0.807,0.632,0,0.745
-6.48,0.881,0.00805,0,0.173
-11.797,0.901,0.103,0.892,0.74
-4.932,0.828,0.278,0,0.555
-7.066,0.602,0.275,0,0.682
-3.826,0.971,2.55e-06,0.594,0.14
-22.909,0.198,0.818,0,0.585
-7.451,0.729,0.87,0,0.445
-8.271,0.51,0.849,0.0169,0.434
-4.83,0.945,0.00598,0.000151,0.557
-5.333,0.668,0.0617,0.00105,0.851
-9.457,0.503,0.0332,0.111,0.469
-5.185,0.878,0.0263,0,0.833
-7.674,0.457,0.222,0,0.166
-14.099,0.139,0.993,0,0.201
-12.162,0.136,0.673,0.000157,0.0981
-15.605,0.511,0.139,0,0.72
-15.804,0.139,0.926,0.003,0.796
-5.463,0.954,0.0086,0.624,0.665
-6.514,0.551,0.534,0,0.874
-11.028,0.327,0.687,0,0.742
-5.286,0.951,0.0159,0.718,0.682
-9.873,0.549,0.531,0,0.696
-7.193,0.943,2.65e-05,0.0504,0.828
-7.651,0.398,0.962,0.0112,0.801
-7.161,0.49,0.671,0.000417,0.126
-7.349,0.983,0.000385,0.354,0.507
-4.897,0.814,0.286,0.404,0.438
-6.451,0.704,0.00788,8.88e-06,0.25
-4.597,0.956,0.000204,2.27e-06,0.614
-12.591,0.733,0.00242,0.852,0.0399
-4.493,0.982,0.409,0.000211,0.225
-6.237,0.387,0.909,0,0.485
-33.07,0.00708,0.985,0.961,0.16
-3.395,0.978,5.08e-06,0.894,0.149
-19.716,0.175,0.974,0.853,0.816
-1.259,0.94,0.0138,0.0101,0.691
-20.188,0.219,0.928,0.713,0.11
-4.789,0.773,0.76,2.28e-06,0.863
-5.206,0.967,0.0771,0,0.895
-8.417,0.587,0.157,0.877,0.878
-3.346,0.978,5.53e-06,0.00155,0.324
-4.781,0.723,0.00501,0,0.239
-7.424,0.626,0.232,6.24e-05,0.518
-15.304,0.521,5.52e-06,0.912,0.0378
-12.172,0.766,0.207,0.352,0.899
-16.516,0.225,0.679,0,0.658
-6.808,0.5,0.0225,0.567,0.0463
-8.078,0.627,0.13,0,0.33
-7.964,0.469,0.58,0,0.719
-7.209,0.526,0.0998,0,0.29
-11.771,0.277,0.892,0.0542,0.435
-12.126,0.152,0.326,0.0034,0.239
-6.727,0.776,0.412,0,0.925
-7.703,0.717,0.815,0,0.408
-11.341,0.354,0.789,0.295,0.363
-3.304,0.936,0.00254,0.000603,0.669
-3.443,0.868,0.204,0,0.791
-8.247,0.686,0.0306,0,0.274
-5.367,0.939,0.000607,0.928,0.0398
-6.468,0.92,0.269,0.798,0.0739
-7.286,0.41,0.631,0,0.383
-15.936,0.361,0.00718,0.837,0.342
-11.586,0.356,0.347,0.0159,0.259
-4.121,0.888,0.00975,0,0.598
-11.589,0.192,0.543,0,0.814
-5.219,0.808,0.473,0,0.784
-5.552,0.788,0.548,0,0.864
-6.586,0.827,0.13,2.21e-05,0.409
-6.283,0.91,0.487,0,0.52
-7.017,0.769,0.00116,0.00956,0.241
-25.702,0.091,0.417,0.973,0.0351
-4.885,0.701,0.119,0,0.295
-7.444,0.906,0.000124,0.915,0.473
-7.534,0.709,0.623,0,0.946
-4.887,0.647,0.321,0,0.368
-6.113,0.953,0.00136,0.00197,0.12
-7.155,0.483,0.481,0,0.306
-2.832,0.916,0.00594,0,0.841
-23.966,0.0349,0.992,0.949,0.117
-3.771,0.919,0.00234,0.000313,0.259
-26.66,0.0268,0.995,0.809,0.362
-9.619,0.862,1.11e-06,0.942,0.135
-6.291,0.886,0.00689,7.21e-05,0.968
-10.729,0.465,0.581,0.184,0.412
-7.411,0.525,0.173,0.0125,0.402
-8.622,0.87,0.0763,0.917,0.109
-14.605,0.232,0.785,0.000548,0.398
-3.633,0.889,0.19,0,0.625
-14.937,0.207,0.862,0.0346,0.288
-3.437,0.419,0.804,0,0.404
-8.561,0.429,0.51,7.85e-06,0.148
-6.092,0.47,0.291,0,0.325
-12.572,0.545,0.383,2.9e-06,0.47
-8.538,0.421,0.811,0,0.396
-20.13,0.28,0.973,0.917,0.0334
-5.757,0.651,0.14,0,0.552
-6.275,0.466,0.3,0,0.571
-5.846,0.824,0.00016,0.00161,0.539
-18.011,0.19,0.987,0.911,0.174
-3.661,0.919,0.203,0.000305,0.739
-10.325,0.596,0.226,1.17e-05,0.794
-11.893,0.327,0.855,0,0.154
-12.876,0.783,0.172,0.0346,0.952
-4.696,0.96,0.0339,0,0.916
-9.224,0.625,0.0758,0.645,0.148
-2.27,0.997,0.00232,0.00159,0.0702
-2.407,0.916,0.0191,0.000696,0.754
-6.153,0.898,0.0153,0.000535,0.831
-9.601,0.429,0.178,6.01e-05,0.0889
-10.397,0.588,0.0661,0.00765,0.693
-7.299,0.435,0.262,0,0.312
-11.569,0.832,0.000175,0.0151,0.343
-9.091,0.28,0.936,1.56e-05,0.813
-9.236,0.549,0.257,3.39e-06,0.193
-12.379,0.59,0.82,0.834,0.722
-16.848,0.145,0.954,0.934,0.611
-4.236,0.909,0.0175,0,0.814
-3.988,0.933,0.222,2.51e-06,0.63
-6.162,0.904,0.0872,3.96e-05,0.866
-5.744,0.823,0.0178,0,0.962
-7.383,0.584,0.164,0,0.616
-5.577,0.929,0.0318,0.0408,0.476
-18.677,0.143,0.975,0.852,0.708
-10.174,0.556,0.936,0.0012,0.842
-5.019,0.641,0.368,0,0.253
-5.167,0.609,0.774,0,0.581
-9.251,0.434,0.843,0,0.542
-12.67,0.858,0.00527,0.000244,0.812
-6.354,0.74,0.0545,0.000105,0.622
-3.971,0.968,3.5e-06,4.61e-05,0.476
-3.72,0.888,0.000455,0,0.387
-4.66,0.839,0.0364,0,0.827
-12.913,0.28,0.852,1.47e-06,0.373
-6.363,0.697,0.385,0,0.814
-5.934,0.745,0.694,0,0.367
-9,0.573,0.201,0.000207,0.539
-10.035,0.561,0.0763,0.00323,0.749
-2.884,0.906,3.68e-05,0.00011,0.48
-8.699,0.628,0.0722,0,0.948
-10.425,0.675,0.0085,0.883,0.21
-4.547,0.93,0.211,2.91e-06,0.754
-16.253,0.0529,0.881,0,0.314
-4.302,0.992,5.93e-06,0.00378,0.176
-11.376,0.915,0.19,0.904,0.239
-3.199,0.916,0.26,0,0.912
-8.156,0.567,0.344,0,0.632
-5.524,0.833,0.0774,7.82e-05,0.963
-4.197,0.868,0.258,1.08e-06,0.714
-8.271,0.665,0.105,0,0.841
-6.053,0.961,6.73e-05,0.707,0.296
-6.908,0.441,0.198,0,0.952
-3.437,0.983,0.000263,0,0.513
-3.839,0.984,1.3e-05,4.12e-05,0.129
-9.01,0.705,0.0974,0.969,0.766
-14.994,0.268,0.703,0.226,0.471
-6.253,0.826,0.0287,2.64e-06,0.0399
-12.885,0.348,0.955,0.937,0.364
-10.64,0.488,0.258,0,0.354
-6.676,0.723,0.0902,0.00183,0.306
-4.759,0.938,0.00301,0.000153,0.357
-10.174,0.536,0.00199,0.419,0.748
-5.615,0.744,0.744,0,0.905
-6.758,0.439,0.0145,0.684,0.4
-13.074,0.196,0.887,0.000397,0.116
-8.999,0.343,0.678,0,0.406
-6.378,0.428,0.21,0.193,0.187
-11.246,0.628,0.0314,1.37e-06,0.788
-4.146,0.907,0.524,2.53e-05,0.6
-10.53,0.488,0.733,0,0.505
-10.59,0.875,0.0358,0,0.497
-16.804,0.402,0.731,0.153,0.633
-3.936,0.949,0.000416,0,0.601
-5.071,0.682,0.0267,0.000669,0.351
-17.092,0.142,0.987,0.964,0.0379
-13.587,0.334,0.0975,0.825,0.654
-7.689,0.827,0.000465,0.0185,0.963
-23.067,0.128,0.849,1.34e-05,0.063
-6.221,0.495,0.452,0,0.386
-10.832,0.84,0.192,0.868,0.0951
-25.941,0.11,0.991,0.848,0.89
-10.173,0.238,0.99,0.261,0.71
-7.142,0.933,0.000121,0.771,0.702
-15.177,0.446,0.449,0,0.878
-11.469,0.605,0.944,0.024,0.706
-42.631,0.0765,0.989,0.954,0.336
-17.741,0.074,0.853,7.28e-06,0.244
-8.096,0.921,0.385,0,0.678
-12.927,0.322,0.474,0.00406,0.27
-5.202,0.766,0.000465,7.25e-06,0.19
-16.101,0.205,0.698,0,0.309
-5.819,0.817,0.337,0,0.903
-9.146,0.518,0.653,0.531,0.374
-3.386,0.952,0.206,0,0.914
-23.609,0.0713,0.987,0.929,0.148
-10.426,0.397,0.132,0.948,0.296
-5.42,0.884,0.404,0.174,0.0584
-10.919,0.514,0.411,0,0.79
-6.807,0.678,0.00897,0,0.63
-9.155,0.961,0.000848,0.771,0.089
-14.398,0.284,0.288,0.897,0.0436
-6.549,0.691,0.0305,0.000298,0.22
-8.438,0.882,0.235,0,0.523
-4.26,0.998,1.34e-05,0.0114,0.0368
-8.041,0.918,0.000146,0.845,0.51
-4.487,0.852,0.00774,2.6e-06,0.428
-9.582,0.697,0.13,0,0.551
-5.648,0.558,0.86,0.000101,0.37
-4.898,0.754,0.568,0,0.696
-9.724,0.864,0.000178,0.801,0.567
-11,0.697,3.35e-05,0.821,0.654
-5.102,0.872,0.152,0,0.596
-14.86,0.411,0.323,3.93e-05,0.261
-9.391,0.429,0.412,2.49e-06,0.897
-8.423,0.571,0.692,2.01e-06,0.399
-5.008,0.882,0.0182,0,0.594
-10.911,0.716,0.0182,0.17,0.963
-11.164,0.496,0.0309,8.36e-05,0.717
-7.791,0.623,0.732,0.00317,0.556
-16.74,0.156,0.963,0,0.128
-8.363,0.645,0.543,0,0.901
-8.47,0.521,0.00799,0.294,0.707
-4.24,0.867,0.136,3.06e-06,0.913
-10.537,0.609,0.00375,0.0191,0.913
-8.328,0.749,0.265,1.18e-06,0.848
-6.392,0.539,0.0384,0,0.235
-22.375,0.998,0.126,0.989,1e-05
-12.935,0.43,0.395,1.01e-06,0.537
-7.844,0.351,0.713,0,0.457
-11.214,0.414,0.145,0.000123,0.401
-3.6,0.994,6.36e-06,0.748,0.0318
-3.157,0.849,2.23e-05,0.000212,0.266
-27.259,0.104,0.607,0.956,0.0701
-10.264,0.761,2.62e-06,0.969,0.506
-10.497,0.414,0.936,0.000334,0.358
-12.474,0.298,0.754,0.46,0.232
-12.716,0.298,0.934,0,0.373
-13.308,0.197,0.95,7.39e-06,0.689
-6.024,0.693,0.208,0,0.245
-9.514,0.578,0.0469,0.00193,0.485
-7.956,0.684,0.0622,0.00258,0.393
-2.441,0.829,0.0601,3.42e-06,0.698
-7.179,0.826,0.0322,0.00629,0.945
-6.183,0.808,0.0121,0.878,0.303
-3.155,0.995,0.0406,1.01e-06,0.686
-7.95,0.673,0.259,7.62e-06,0.779
-1.134,0.874,0.15,1.54e-06,0.671
-4.515,0.719,0.00267,0,0.345
-5.631,0.505,0.475,1.68e-05,0.239
-12.831,0.358,0.132,7.24e-05,0.781
-11.529,0.387,0.742,0.000406,0.832
-7.074,0.754,0.00509,0.869,0.128
-14.474,0.268,0.000756,0.0544,0.0615
-16.001,0.324,0.204,0,0.57
-14.366,0.295,0.244,0.913,0.0819
-11.573,0.595,0.374,0.805,0.644
-10.022,0.531,0.0106,0,0.139
-10.574,0.217,0.881,0,0.479
-23.347,0.187,0.978,0.159,0.225
-3.033,0.983,0.00666,0,0.589
-8.985,0.526,0.000617,0.168,0.519
-7.845,0.632,0.608,0.00364,0.792
-5.67,0.872,0.59,0,0.942
-4.418,0.833,0.178,4.79e-06,0.339
-24.807,0.435,0.633,0.193,0.644
-19.495,0.19,0.68,0.924,0.038
-10.465,0.524,0.943,0.97,0.954
-7.724,0.609,0.359,0,0.0988
-8.552,0.481,0.246,0,0.443
-18.774,0.109,0.82,0,0.558
-13.787,0.466,0.636,0.612,0.706
-12.196,0.73,0.307,2.46e-05,0.519
-3.288,0.953,2.69e-06,0.767,0.285
-4.431,0.62,0.0174,5e-05,0.474
-12.878,0.647,0.108,0.00139,0.804
-1.73,0.9,0.0192,0,0.706
-4.209,0.912,0.266,0,0.417
-4.683,0.697,0.121,0,0.24
-4.671,0.572,0.687,0,0.697
-14.443,0.336,0.00706,0.666,0.127
-4.436,0.834,0.0172,0.000229,0.904
-13.359,0.262,0.904,0.00794,0.0649
-5.579,0.81,0.000637,0.0748,0.288
-8.577,0.511,0.298,0,0.113
-14.46,0.212,0.919,0.00111,0.561
-6.802,0.625,0.506,0,0.855
-8.113,0.603,0.464,0,0.285
-3.488,0.919,0.0737,0.000339,0.804
-2.684,0.89,0.0119,5.97e-05,0.394
-8.506,0.75,0.22,0,0.525
-14.207,0.346,0.601,0.0131,0.459
-5.342,0.66,0.0367,6.4e-05,0.617
-9.46,0.574,0.404,0,0.374
-6.177,0.728,0.178,0,0.594
-4.03,0.932,0.00929,1.34e-06,0.248
-5.693,0.701,0.00892,0.309,0.356
-8.004,0.624,0.501,0,0.725
-7.576,0.725,0.188,0,0.763
-5.22,0.889,4.3e-05,0.00907,0.141
-10.702,0.326,0.902,1.39e-05,0.251
-7.897,0.467,0.00954,0,0.142
-5.253,0.89,0.0319,0.00108,0.73
-6.884,0.564,0.0998,3.28e-05,0.271
-9.373,0.65,0.733,0.0284,0.961
-10.417,0.429,0.826,0.817,0.112
-7.442,0.583,0.524,4.05e-06,0.232
-19.658,0.374,0.754,0.875,0.641
-4.402,0.878,0.356,0,0.839
-10.39,0.334,0.695,5.42e-05,0.256
-6.558,0.802,0.367,0,0.833
-4.726,0.738,0.225,0,0.624
-15.552,0.226,0.93,1.03e-05,0.657
-6.923,0.662,0.51,0.000198,0.542
-12.285,0.541,0.769,0,0.844
-8.167,0.671,0.694,0,0.86
-9.073,0.511,0.353,0.766,0.115
-17.342,0.134,0.993,0.921,0.068
-9.654,0.53,0.0315,0.000123,0.751
-8.845,0.567,0.315,0,0.186
-4.454,0.913,0.0028,0.0208,0.341
-12.501,0.342,0.617,0.000161,0.497
-5.835,0.615,0.102,0.256,0.535
-5.253,0.844,1.81e-05,0.00196,0.658
-5.119,0.94,0.000769,9.42e-05,0.369
-2.734,0.906,0.344,0,0.851
-21.549,0.165,0.0735,0.778,0.0374
-5.565,0.703,0.0192,0,0.662
-7.771,0.414,0.00182,0.0021,0.18
-7.745,0.804,0.00706,0.000434,0.599
-5.951,0.782,0.0471,6.7e-05,0.805
-2.897,0.991,0.00526,0,0.754
-2.843,0.979,0.174,0.000288,0.783
-1.449,0.945,0.0313,0.000161,0.555
-23.672,0.208,0.922,0.613,0.145
-3.153,0.96,0.000779,0,0.263
-5.076,0.68,0.11,0,0.438
-15.143,0.181,0.888,0.000499,0.106
-13.445,0.818,0.00252,0.819,0.193
-12.578,0.337,0.855,0,0.486
-4.141,0.861,0.318,0.00182,0.58
-9.76,0.674,1e-04,0.862,0.267
-6.363,0.499,0.578,0,0.288
-4.919,0.884,0.237,0,0.781
-5.749,0.802,0.00647,0.0778,0.383
-5.079,0.81,0.0725,0.369,0.21
-12.989,0.21,0.884,0,0.305
-7.558,0.844,0.0156,0.704,0.0384
-11.218,0.177,0.938,8.49e-05,0.449
-11.566,0.137,0.951,1.35e-05,0.363
-7.11,0.8,0.0769,0.0267,0.381
-4.002,0.709,0.646,0,0.817
-16.685,0.272,0.968,0.0906,0.138
-4.436,0.976,0.000917,7.07e-06,0.617
-9.513,0.387,0.748,0.000559,0.153
-10.341,0.294,0.859,6.22e-05,0.53
-5.208,0.99,0.157,0.802,0.252
-5.985,0.715,0.43,0,0.465
-4.808,0.953,0.00311,0.000302,0.241
-8.689,0.538,0.183,0.999,0.241
-5.898,0.62,0.0424,0,0.528
-10.077,0.473,0.801,0.000839,0.209
-5.575,0.701,0.0921,0.558,0.265
-4.911,0.827,0.212,0,0.69
-5.666,0.913,0.48,0,0.833
-8.913,0.492,0.599,7.06e-06,0.613
-8.647,0.644,0.776,0,0.451
-8.545,0.552,0.374,0,0.647
-23.408,0.0768,0.96,0.824,0.07
-9.384,0.37,0.829,0.000976,0.274
-16.943,0.519,0.001,0.257,0.874
-11.148,0.181,0.94,0,0.259
-8.603,0.502,0.376,5.16e-06,0.196
-3.214,0.929,0.000259,2.26e-06,0.59
-13.587,0.768,0.00795,0.00435,0.86
-4.086,0.663,0.0216,0.000356,0.525
-6.492,0.67,0.394,0,0.872
-7.258,0.905,0.000199,0.941,0.473
-3.572,0.799,0.362,0,0.661
-13.208,0.343,0.713,1.23e-05,0.981
-20.484,0.224,0.987,0.878,0.156
-4.835,0.917,3.1e-06,0.508,0.474
-4.869,0.907,0.0229,0,0.66
-9.797,0.564,0.707,0,0.616
-10.163,0.636,0.00697,0.00232,0.726
-5.905,0.641,0.534,0,0.252
-4.693,0.784,0.00781,0,0.846
-13.686,0.752,0.0103,0.00653,0.39
-6.568,0.962,1.11e-06,0.898,0.294
-12.735,0.687,0.00417,0.432,0.439
-15.9,0.461,0.675,0.896,0.15
-26.015,0.0912,0.944,0.934,0.117
-6.743,0.698,0.409,0.00016,0.687
-5.318,0.79,1.2e-05,0.901,0.15
-6.096,0.85,0.547,2.56e-06,0.966
-5.137,0.891,0.0879,0.000304,0.64
-12.484,0.34,0.829,0.00545,0.315
-7.574,0.387,0.463,0.833,0.119
-7.775,0.786,0.713,0,0.836
-9.869,0.527,0.465,0,0.967
-3.847,0.892,3.17e-05,5.39e-05,0.454
-7.165,0.531,0.188,0.358,0.388
-19.777,0.0298,0.986,0.893,0.183
-9.084,0.411,0.512,0.0326,0.191
-12.225,0.557,0.227,0.00111,0.796
-6.669,0.939,0.403,0,0.62
-3.307,0.98,0.00118,5.06e-06,0.327
-5.181,0.773,0.028,0,0.274
-5.634,0.919,0.0042,0,0.856
-4.679,0.966,0.000329,6.1e-05,0.215
-11.092,0.405,0.656,0,0.497
-27.093,0.00535,0.955,1,1e-05
-14.76,0.29,0.611,0.911,0.0394
-3.865,0.88,0.404,0.000191,0.758
-6.466,0.687,0.155,9.28e-05,0.651
-6.244,0.741,0.617,0,0.636
-3.982,0.915,0.482,0,0.501
-8.743,0.88,0.0241,0.931,0.0531
-6.51,0.724,0.127,0.0014,0.507
-5.772,0.781,0.103,0,0.494
-7.238,0.593,0.0257,0.947,0.475
-2.214,0.96,6.64e-05,4.01e-05,0.461
-9.304,0.344,0.602,0,0.407
-17.024,0.0845,0.992,0.936,0.183
-5.555,0.935,5.06e-06,0.000153,0.307
-12.691,0.633,0.782,0.841,0.506
-3.468,0.61,0.217,0,0.596
-3.245,0.942,0.00039,6.36e-06,0.242
-9.085,0.616,0.853,3.86e-05,0.435
-11.224,0.599,0.0183,0.354,0.171
-4.148,0.742,0.035,0,0.605
-14.289,0.468,0.00303,0.914,0.188
-12.631,0.821,0.367,0.716,0.15
-11.745,0.587,0.338,0.344,0.579
-13.557,0.337,0.154,0.397,0.677
-10.594,0.29,0.901,9.33e-05,0.671
-4.329,0.845,0.133,1.87e-05,0.83
-3.224,0.806,0.359,0,0.656
-2.495,0.97,0.046,0,0.483
-4.76,0.728,0.718,0,0.677
-2.138,0.96,0.242,0,0.841
-5.877,0.876,0.194,1.86e-06,0.676
-12.259,0.59,0.302,0.879,0.872
-5.065,0.828,0.136,0.0328,0.806
-10.079,0.406,0.845,0.000985,0.664
-16.777,0.164,0.978,0.384,0.093
-7.571,0.472,0.0205,5.07e-06,0.5
-3.741,0.878,0.183,0,0.542
-7.123,0.822,0.000989,0.114,0.601
-15.239,0.277,0.531,0.843,0.0784
-11.722,0.314,0.468,0.874,0.167
-16.524,0.178,0.592,0,0.262
-9.795,0.315,0.949,0.202,0.0606
-2.243,0.912,0.0612,0,0.824
-4.601,0.536,0.641,0,0.409
-23.069,0.144,0.99,0.698,0.172
-13.521,0.4,0.538,3.65e-05,0.823
-5.327,0.978,8.55e-05,0.000141,0.558
-3.603,0.918,0.387,0,0.738
-8.514,0.763,0.015,0.00481,0.431
-4.867,0.836,0.00202,0,0.303
-3.464,0.854,0.133,8.09e-06,0.792
-6.259,0.923,0.771,0,0.371
-4.54,0.706,0.638,0,0.79
-3.904,0.974,0.391,2.78e-05,0.39
-26.86,0.0189,0.967,0.895,0.167
-6.658,0.834,0.142,0.00107,0.834
-6.291,0.83,0.737,0,0.812
-5.111,0.94,0.00245,0.0055,0.0996
-7.724,0.424,0.498,0,0.256
-8.379,0.446,0.756,0.816,0.18
-13.388,0.527,0.383,0.903,0.264
-8.171,0.464,0.345,0.915,0.436
-7.861,0.731,0.164,0.000383,0.224
-11.08,0.506,0.319,0.456,0.252
-5.263,0.844,0.000791,9.54e-05,0.141
-8.277,0.696,0.085,1.6e-05,0.822
-7.265,0.601,0.25,3.22e-06,0.167
-5.771,0.908,0.0555,1.04e-06,0.419
-3.921,0.983,0.000238,4.89e-06,0.661
-4.275,0.869,0.0142,0.00241,0.185
-4.748,0.914,0.00106,0,0.345
-4.15,0.977,0.000539,0,0.427
-9.291,0.621,0.689,0.963,0.193
-28.822,0.0949,0.985,0.883,0.0293
-12.221,0.0767,0.979,0,0.333
-8.796,0.714,0.0127,0.903,0.656
-4.165,0.925,0.000128,0.000238,0.245
-16.053,0.967,0.00867,0,0.0389
-13.358,0.311,0.98,0,0.269
-25.641,0.194,0.849,0,0.332
-7.181,0.532,0.602,5.74e-06,0.256
-10.564,0.478,0.0736,4.52e-06,0.192
-5.882,0.974,0.00265,0.000128,0.943
-10.609,0.408,0.27,6.53e-06,0.17
-20.259,0.0319,0.989,0.943,0.043
-5.038,0.832,0.111,0,0.34
-2.548,0.862,0.201,0,0.917
-8.16,0.346,0.786,0,0.58
-4.804,0.944,0.00225,0.276,0.454
-3.706,0.786,0.213,0,0.79
-6.553,0.845,0.0324,0,0.613
-3.282,0.948,0.295,0,0.883
-10.468,0.294,0.992,0.147,0.623
-14.911,0.398,0.549,0.105,0.174
-3.629,0.908,0.000293,5.65e-06,0.336
-4.448,0.774,0.013,0,0.705
-4.662,0.905,0.0367,1.41e-05,0.383
-6.156,0.419,0.309,0,0.373
-11.316,0.602,0.0351,0.819,0.662
-24.504,0.0588,0.992,0.906,0.0344
-9.573,0.207,0.608,0,0.264
-5.586,0.771,0.0913,0,0.903
-3.5,0.999,0.0542,0,0.68
-10.87,0.397,0.71,0,0.214
-4.903,0.953,0.000432,0.0547,0.377
-8.455,0.697,0.316,0.763,0.377
-4.69,0.879,9.54e-05,0.00745,0.484
-5.909,0.821,0.159,0,0.585
-11.234,0.267,0.927,1.88e-06,0.368
-4.61,0.613,0.831,0.0272,0.669
-28.662,0.0532,0.563,0.889,0.021
-6.221,0.599,0.0155,2.6e-05,0.162
-10.189,0.388,0.189,0.000188,0.282
-5.414,0.793,0.0137,0,0.751
-15.561,0.183,0.862,0,0.556
-8.027,0.542,0.019,0.00639,0.151
-13.97,0.967,2.48e-05,0.932,0.886
-4.638,0.971,1.6e-05,0.0806,0.108
-10.719,0.298,0.725,0,0.884
-10.326,0.53,0.418,0.000158,0.818
-3.894,0.977,0.177,0.00498,0.301
-4.819,0.963,0.0311,0.00108,0.742
-5.68,0.932,0.00341,0.0823,0.82
-5.69,0.983,0.0168,0.129,0.488
-13.301,0.383,0.46,0.905,0.0352
-4.942,0.712,0.2,0,0.778
-18.743,0.998,0.248,0.921,1e-05
-9.965,0.479,0.339,0.000353,0.354
-16.023,0.177,0.885,9.82e-05,0.472
-10.366,0.329,0.725,8.51e-06,0.255
-12.245,0.182,0.893,0,0.446
-16.187,0.196,0.797,1.61e-06,0.583
-11.319,0.244,0.848,5.96e-05,0.167
-8.959,0.685,0.0509,1.08e-06,0.436
-6.229,0.501,0.089,3.18e-06,0.304
-8.682,0.724,0.477,0.965,0.793
-10.409,0.332,0.99,0.000164,0.332
-12.047,0.356,0.0448,0.921,0.0383
-3.627,0.955,0.0048,0,0.665
-6.199,0.745,0.148,0.00126,0.302
-2.594,0.851,0.0665,0,0.733
-31.641,0.136,0.411,0.809,0.0549
-5.23,0.824,0.529,0,0.846
-4.326,0.931,0.00037,0.487,0.929
-4.992,0.872,0.000793,0.00062,0.788
-8.403,0.297,0.717,6.21e-05,0.071
-7.825,0.625,0.158,0.000223,0.712
-10.709,0.383,0.0631,0.000127,0.348
-11.367,0.607,0.072,0.000852,0.886
-6.015,0.752,0.201,0,0.707
-2.922,0.975,0.000171,0.000211,0.331
-6.213,0.843,0.0421,0,0.612
-18.505,0.262,0.244,0.879,0.0405
-6.914,0.993,0.226,0.917,0.279
-10.778,0.573,0.496,0,0.549
-30.204,0.00108,0.952,0.991,0
-20.006,0.103,0.979,0.966,0.0352
-20.019,0.0296,0.812,0.925,0.0298
-4.99,0.752,0.0016,1.78e-05,0.741
-2.329,0.982,5.26e-05,0.000131,0.439
-3.674,0.9,0.116,1.75e-05,0.599
-12.876,0.146,0.976,0.899,0.286
-7.329,0.613,0.44,0,0.605
-14.326,0.205,0.683,9.65e-05,0.196
-6.91,0.776,0.629,1.2e-06,0.722
-3.075,0.971,0.0107,2.15e-05,0.32
-3.088,0.91,0.0974,0.000429,0.556
-12.132,0.8,0.00693,0.000887,0.574
-9.601,0.543,0.71,0.00159,0.621
-13.26,0.236,0.883,0.000127,0.447
-4.957,0.809,0.224,0,0.689
-6.879,0.601,0.0123,0.000237,0.552
-4.413,0.952,0.000255,0.0432,0.099
-2.966,0.811,0.639,0,0.795
-4.4,0.793,0.152,0,0.494
-11.099,0.243,0.844,0.499,0.34
-4.115,0.973,4.58e-05,0.00326,0.159
-6.942,0.631,0.207,0.249,0.374
-7.734,0.631,0.0525,0.0833,0.184
-4.297,0.679,0.191,0.00175,0.0888
-6.708,0.832,0.000868,0.00128,0.75
-8.962,0.261,0.977,0.00285,0.173
-10.073,0.313,0.789,0,0.625
-7.615,0.268,0.803,0.204,0.791
-7.25,0.628,0.287,0.00498,0.354
-18.19,0.282,0.513,2.47e-05,0.29
-8.517,0.752,0.497,3.59e-06,0.861
-7.282,0.699,0.384,0.813,0.0622
-2.109,0.926,0.00426,1.59e-05,0.879
-6.098,0.425,0.82,0,0.518
-12.155,0.307,0.494,0,0.614
-5.346,0.805,0.445,2.84e-05,0.934
-14.771,0.742,0.00433,0.889,0.821
-4.742,0.897,0.0173,0.00595,0.924
-13.545,0.144,0.976,0.465,0.543
-12.769,0.44,0.34,0.952,0.884
-3.818,0.815,0.04,0,0.386
-3.466,0.971,0.00366,0.00375,0.483
-1.844,0.948,0.0406,0.00641,0.477
-16.33,0.574,0.135,0.434,0.416
-13.473,0.804,0.766,0.939,0.402
-5.07,0.491,0.579,0,0.184
-4.478,0.923,0.0118,0,0.883
-14.324,0.624,0.0549,0,0.693
-8.92,0.545,0.838,3.5e-06,0.325
-7.942,0.441,0.499,0,0.463
-10.724,0.632,0.0112,0.868,0.341
-5.509,0.619,0.533,0,0.412
-6.115,0.731,0.464,0,0.728
-2.333,0.988,0.182,8.16e-06,0.363
-9.482,0.842,0.0133,0.664,0.39
-1.896,0.977,0.0594,4.89e-06,0.6
-6.49,0.683,0.0313,0,0.381
-6.107,0.976,0.00225,1.98e-05,0.453
-7.16,0.628,0.0483,0,0.7
-3.836,0.996,4.68e-05,6.51e-05,0.0645
-11.648,0.409,0.507,0,0.617
-2.926,0.845,0.0303,0.00851,0.508
-12.903,0.404,0.0328,7.18e-05,0.0976
-12.138,0.395,0.64,0,0.589
-8.831,0.406,0.109,0.565,0.0388
-2.798,0.962,0.0685,0.00117,0.804
-7.872,0.78,0.121,0.00157,0.829
-5.187,0.797,0.199,0,0.384
-8.405,0.777,0.217,0.0146,0.712
-3.941,0.778,0.223,1.84e-05,0.52
-14.071,0.33,0.259,0.154,0.101
-12.506,0.267,0.808,4.05e-05,0.473
-8.226,0.539,0.526,3.61e-06,0.718
-15.79,0.239,0.99,0.00488,0.077
-18.43,0.199,0.948,0.981,0.052
-6.951,0.5,0.0988,1.99e-05,0.557
-4.139,0.961,0.0415,1.15e-06,0.323
-10.437,0.2,0.993,0.000219,0.66
-3.912,0.963,0.00897,0.00378,0.179
-14.342,0.361,0.0163,2.23e-05,0.208
-9.82,0.65,0.883,0,0.421
-13.258,0.241,0.625,2.8e-05,0.661
-35.329,0.551,0.93,0.779,0.0302
-11.526,0.664,0.000394,0.882,0.269
-7.872,0.347,0.87,0,0.257
-8.624,0.575,0.0441,0,0.135
-10,0.826,0.000193,0,0.497
-8.1,0.656,0.689,0,0.644
-6.437,0.819,0.0743,5.51e-05,0.686
-6.468,0.916,0.000611,0.422,0.192
-6.341,0.771,0.0146,0.00119,0.579
-8.83,0.943,5.44e-05,0.812,0.531
-4.31,0.947,0.00167,0,0.377
-4.162,0.94,0.124,3.7e-05,0.538
-9.345,0.417,0.136,0.022,0.479
-3.793,0.732,4.24e-05,0.448,0.27
-22.841,0.199,0.995,0.939,0.581
-4.009,0.804,0.0573,0,0.352
-9.248,0.967,0.219,0,0.168
-12.392,0.394,0.122,0.0446,0.445
-7.453,0.78,0.00154,0.603,0.481
-8.882,0.548,0.962,3.36e-06,0.491
-9.024,0.574,0.329,0,0.743
-6.976,0.829,0.0379,0.000944,0.542
-2.592,0.878,0.152,4.73e-06,0.822
-6.468,0.62,0.176,9.04e-05,0.498
-4.262,0.749,0.0644,6.76e-06,0.825
-14.446,0.811,0.00264,0.831,0.961
-3.925,0.919,0.0017,0.224,0.681
-4.924,0.675,0.786,0,0.539
-12.998,0.138,0.93,0,0.284
-22.484,0.0459,0.995,0.934,0.0809
-4.76,0.975,0.0936,3.24e-05,0.66
-5.329,0.929,5.55e-05,0.0365,0.659
-1.497,0.968,0.000233,0.293,0.613
-5.391,0.796,0.184,2.62e-05,0.737
-3.07,0.854,0.2,0,0.827
-8.555,0.532,0.54,0.159,0.904
-11.747,0.319,0.703,0,0.536
-6.605,0.718,0.00892,0,0.936
-3.912,0.922,0.000761,0.000191,0.684
-4.9,0.463,0.936,0,0.893
-6.369,0.769,0.00532,0,0.66
-5.703,0.604,0.000218,0.000579,0.637
-14.488,0.288,0.622,2.77e-06,0.522
-11.157,0.295,0.788,0,0.467
-6.553,0.754,0.0545,0,0.386
-9.42,0.197,0.992,5.67e-06,0.604
-14.607,0.473,0.443,0,0.888
-5.359,0.812,0.26,0,0.852
-8.96,0.366,0.962,0.14,0.247
-9.578,0.739,0.0237,0.607,0.138
-16.044,0.232,0.518,0,0.259
-8.802,0.238,0.741,0.00193,0.303
-9.669,0.276,0.877,0,0.292
-5.072,0.921,0.0727,0.000187,0.375
-11.817,0.658,0.347,0.847,0.0273
-4.621,0.875,0.137,0,0.774
-7.064,0.678,0.0474,7.02e-06,0.558
-5,0.995,0.00337,0,0.295
-6.303,0.72,0.609,0.532,0.716
-7.236,0.363,0.822,0,0.229
-8.622,0.331,0.434,0,0.255
-9.002,0.768,0.000101,0.0816,0.464
-4.502,0.967,2.71e-05,0.946,0.2
-7.779,0.876,0.00107,1.83e-06,0.537
-12.452,0.423,0.692,3.74e-06,0.944
-3.598,0.868,0.117,0.000117,0.474
-4.89,0.933,0.0185,0,0.789
-6.814,0.772,0.0446,0,0.528
-4.501,0.958,0.00165,0.0476,0.129
-5.985,0.782,0.496,0.0887,0.965
-3.394,0.915,0.152,0,0.829
-5.342,0.932,4.99e-06,2.13e-05,0.319
-4.689,0.925,1.09e-05,0.000161,0.77
-18.591,0.193,0.534,3.16e-06,0.445
-5.992,0.692,0.0762,0.00122,0.379
-18.944,0.0858,0.992,0.909,0.155
-4.444,0.592,0.284,8.1e-05,0.23
-9.827,0.51,0.0123,8.38e-05,0.789
-17.791,0.102,0.953,0.155,0.511
-3.398,0.956,0.189,0.0747,0.961
-16.137,0.271,0.93,0.89,0.0452
-3.113,0.96,0.0201,6.3e-05,0.664
-11.946,0.545,0.33,0.828,0.082
-5.386,0.775,0.847,0,0.492
-9.686,0.702,0.00746,0.00431,0.734
-6.683,0.722,0.716,0.0022,0.19
-5.218,0.849,0.108,0,0.581
-3.364,0.993,4.12e-05,9.37e-05,0.436
-5.486,0.948,0.0586,0.694,0.848
-11.176,0.523,0.95,2.78e-06,0.649
-20.043,0.0971,0.984,0.91,0.15
-6.641,0.905,0.00275,0.0336,0.393
-2.761,0.812,0.187,3.11e-06,0.866
-3.182,0.838,0.231,0,0.469
-3.27,0.758,0.0894,0,0.544
-2.661,0.859,0.165,0,0.776
-7.077,0.535,0.00812,0,0.235
-10.303,0.447,0.0809,0,0.234
-5.06,0.988,1.1e-06,0.715,0.451
-4.367,0.897,0.00258,0,0.586
-7.323,0.362,0.364,0.94,0.525
-13.854,0.592,0.721,0,0.465
-3.541,0.9,0.000102,1.89e-05,0.88
-5.909,0.795,0.0134,0.00013,0.416
-2.873,0.91,0.606,0,0.547
-2.849,0.862,0.000322,0,0.611
-10.017,0.225,0.93,0.001,0.429
-6.197,0.496,0.486,0,0.488
-6.739,0.738,0.303,0.781,0.625
-4.474,0.726,0.0199,3.1e-06,0.404
-8.478,0.416,0.821,0,0.855
-5.69,0.845,0.403,0.000586,0.81
-19.932,0.0797,0.993,0.594,0.134
-4.203,0.789,0.238,0.000227,0.601
-5.97,0.703,0.000207,0.0073,0.408
-16.546,0.649,0.00978,0.000133,0.748
-13.494,0.438,0.137,0.000785,0.558
-3.577,0.901,0.359,0,0.965
-2.708,0.961,0.0226,0,0.539
-6.497,0.68,0.0242,2.11e-06,0.221
-5.835,0.48,0.612,0.269,0.677
-9.175,0.601,0.378,0.000121,0.631
-19.478,0.05,1.17e-06,0.461,0
-6.638,0.326,0.705,0,0.628
-23.234,0.248,0.992,0.929,0.122
-11.65,0.5,0.864,0.098,0.216
-7.706,0.571,0.283,1.31e-05,0.222
-12.34,0.234,0.991,0.0289,0.143
-6.833,0.602,0.156,0,0.753
-4.866,0.759,0.0543,0,0.865
-8.609,0.83,0.247,3.18e-05,0.661
-25.843,0.062,0.994,0.975,0.446
-11.674,0.64,0.214,0.000247,0.731
-11.079,0.264,0.164,4.28e-06,0.781
-5.843,0.832,0.7,0,0.815
-5.756,0.594,0.419,0.00179,0.527
-12.584,0.806,0.00451,0.822,0.255
-6.387,0.739,0.0168,0.000711,0.756
-4.056,0.811,0.407,0,0.541
-5.936,0.706,0.0171,0.0244,0.143
-4.517,0.97,0.000585,2.29e-05,0.379
-4.197,0.995,3e-04,0.00059,0.273
-4.386,0.714,0.00374,0.000302,0.77
-10.764,0.45,0.917,0.00104,0.57
-13.644,0.295,0.466,2.48e-06,0.669
-11.512,0.123,0.851,0.0394,0.169
-8.743,0.861,0.232,0.663,0.275
-8.738,0.383,0.562,7.37e-05,0.767
-13.53,0.265,0.239,0.049,0.133
-8.601,0.599,0.439,0,0.961
-8.649,0.643,0.00448,9.51e-06,0.272
-4.8,0.967,0.000511,0,0.0836
-7.157,0.927,0.185,0.108,0.342
-5.86,0.998,0.00128,0.466,0.37
-10.369,0.427,0.734,0.000809,0.797
-13.915,0.504,0.124,0.882,0.0936
-6.444,0.689,0.0915,0,0.349
-20.231,0.224,0.0545,0.95,0.0388
-5.003,0.971,0.0318,1.18e-06,0.506
-9.264,0.484,0.467,0,0.397
-13.008,0.375,0.367,0.94,0.0995
-6.445,0.948,5.05e-06,0.495,0.211
-14.025,0.284,0.932,0.000476,0.208
-14.401,0.114,0.508,2.19e-06,0.445
-25.418,0.139,0.927,0.903,0.0393
-5.809,0.718,0.0261,0.00173,0.189
-12.102,0.384,0.812,0,0.241
-9.227,0.685,0.104,0.357,0.0395
-3.263,0.985,0.000859,0.0163,0.113
-13.894,0.588,0.746,1.12e-05,0.966
-6.372,0.858,0.000757,0.00604,0.704
-17.779,0.178,0.795,0.874,0.2
-6.647,0.786,0.0105,0,0.412
-10.188,0.448,0.065,0.811,0.756
-4.398,0.445,0.814,0,0.396
-5.189,0.922,0.0129,2.39e-06,0.532
-4.107,0.819,3.61e-05,0.0785,0.444
-10.636,0.898,0.0127,0.0828,0.539
-12.761,0.502,0.3,0,0.966
-6.819,0.887,0.0223,0,0.131
-8.441,0.861,0.243,0,0.935
-11.941,0.458,0.961,4.42e-06,0.453
-17.716,0.102,0.974,0.0127,0.2
-9.312,0.346,0.612,0.00176,0.506
-11.697,0.503,0.753,2.97e-06,0.446
-5.565,0.702,0.0466,3.2e-06,0.299
-9.947,0.209,0.778,6.03e-06,0.172
-8.44,0.418,0.434,0.00475,0.198
-11.29,0.843,4.31e-06,0.000287,0.75
-11.414,0.831,0.00305,0.953,0.144
-10.294,0.421,0.171,0.0586,0.594
-10.623,0.31,0.959,0.229,0.151
-10.889,0.506,0.381,0,0.413
-0.983,0.984,0.187,5.27e-05,0.466
-4.475,0.967,0.000151,0.769,0.846
-7.861,0.623,0.107,0.00393,0.801
-5.023,0.827,0.00922,0.000377,0.472
-6.131,0.669,0.339,0,0.752
-10.299,0.705,0.0106,0.895,0.822
-9.36,0.612,0.676,0.128,0.467
-3.255,0.831,0.735,0,0.716
-7.319,0.864,5.75e-06,0.00075,0.645
-9.301,0.53,0.233,2.14e-05,0.718
-12.41,0.491,0.344,0.000247,0.811
-2.432,0.82,0.343,0,0.744
-7.604,0.954,0.344,0,0.883
-5.027,0.626,0.286,0,0.205
-7.11,0.473,0.993,0.321,0.666
-21.056,0.148,0.713,0.432,0.0569
-6.796,0.983,0.00204,0.00104,0.64
-12.624,0.327,0.492,0,0.966
-10.604,0.15,0.934,0,0.444
-10.47,0.433,0.897,0.173,0.495
-14.878,0.184,0.883,0.000852,0.336
-17.03,0.254,0.994,0.88,0.0378
-7.345,0.68,0.284,0.0105,0.679
-3.342,0.963,7.22e-06,2.19e-06,0.349
-4.573,0.948,0.000386,0.00246,0.217
-10.464,0.513,0.144,0.0142,0.892
-7.746,0.378,0.768,0,0.574
-3.93,0.829,0.0107,0.0371,0.238
-7.908,0.397,0.412,0,0.324
-1.84,0.957,0.00149,2e-04,0.372
-14.083,0.137,0.882,0,0.437
-9.927,0.305,0.867,0.46,0.803
-9.445,0.674,0.627,8.16e-05,0.829
-6.261,0.688,0.364,0,0.77
-3.83,0.992,4.95e-06,0.00202,0.281
-1.625,0.884,0.155,0,0.594
-9.349,0.879,0.0767,0.00525,0.369
-4.693,0.763,0.00835,0,0.197
-6.91,0.831,0.723,6.3e-06,0.873
-5.646,0.87,0.0382,0.18,0.917
-2.847,0.952,0.475,0,0.814
-13.472,0.338,0.674,0.000375,0.469
-5.467,0.707,0.0357,0,0.304
-6.143,0.968,2.57e-05,0.944,0.209
-4.673,0.966,0.474,1.6e-05,0.55
-3.474,0.988,0.0202,0.805,0.829
-5.036,0.905,0.0529,0.0521,0.857
-3.47,0.945,0.000294,1.48e-06,0.48
-12.917,0.244,0.831,0.865,0.203
-7.177,0.435,0.76,0,0.145
-8.725,0.737,0.581,1.58e-06,0.831
-13.084,0.218,0.874,0.000697,0.652
-5.296,0.726,0.0571,4.11e-05,0.328
-3.228,0.981,2.58e-05,0,0.207
-7.227,0.616,0.0917,0.0106,0.492
-9.226,0.754,0.284,0.83,0.21
-5.108,0.827,0.00162,0.0902,0.851
-5.306,0.468,0.295,0,0.185
-11.413,0.431,0.549,0.000228,0.336
-6.129,0.902,0.00477,1.52e-05,0.636
-6.035,0.687,0.192,0,0.719
-10.563,0.218,0.941,1.45e-06,0.224
-4.835,0.637,0.234,0.000572,0.471
-8.365,0.471,0.587,3.58e-06,0.53
-10.351,0.955,1.93e-05,0.0141,0.102
-4.775,0.906,0.0175,0,0.371
-9.401,0.386,0.985,0.000299,0.694
-4.689,0.875,0.00492,8.35e-06,0.908
-11.062,0.743,0.0744,0.00071,0.388
-19.865,0.0466,0.984,0.751,0.264
-8.476,0.331,0.791,5.16e-06,0.546
-8.435,0.691,0.00218,0,0.756
-20.493,0.113,0.955,0.98,0.0876
-12.42,0.399,0.75,6.82e-05,0.548
-14.509,0.307,0.992,0.174,0.536
-20.062,0.417,0.722,0.979,0.0386
-5.076,0.813,0.135,0,0.826
-11.35,0.571,0.116,0.00108,0.946
-4.878,0.919,0.00564,0.00342,0.21
-7.354,0.469,0.374,0,0.29
-11.945,0.477,0.38,4.93e-05,0.897
-11.11,0.202,0.821,0,0.374
-7.516,0.916,0.024,0.000381,0.622
-8.991,0.964,0.000423,0.647,0.0635
-9.606,0.369,0.453,0.501,0.17
-9.584,0.751,0.2,0,0.789
-5.258,0.892,0.0102,0.85,0.876
-5.397,0.909,0.202,0,0.828
-10.21,0.295,0.402,0.887,0.949
-16.912,0.32,0.143,0.201,0.0947
-7.074,0.593,0.153,1.35e-06,0.158
-6.554,0.807,3.62e-05,0.633,0.251
-2.689,0.82,0.835,0,0.737
-5.646,0.658,0.473,0,0.627
-25.888,0.0231,0.991,0.0738,0.187
-2.396,0.882,0.0134,5.6e-05,0.643
-3.213,0.977,0.00321,0.000125,0.834
-8.024,0.416,0.1,0.179,0.196
-5.568,0.812,0.00149,0,0.124
-31.024,0.0126,0.966,0.85,0.068
-15.266,0.244,0.993,0.0148,0.89
-13.893,0.338,0.713,0.862,0.58
-9.932,0.676,2.75e-05,0.785,0.627
-15.017,0.172,0.725,0.51,0.393
-30.699,0.0565,0.989,0.592,0.095
-2.486,0.879,0.0433,0.257,0.461
-3.357,0.96,5e-05,0,0.835
-5.268,0.568,0.408,0,0.313
-4.157,0.935,0.00108,0,0.386
-5.704,0.606,0.743,0.0895,0.348
-3.522,0.693,0.72,0,0.69
-6.515,0.877,0.012,3.94e-05,0.499
-12.908,0.202,0.787,0.00575,0.435
-3.101,0.981,0.152,0.000345,0.905
-6.695,0.587,0.0945,0.71,0.0678
-5.474,0.767,0.288,0,0.484
-7.326,0.595,0.745,4.84e-05,0.667
-15.969,0.205,0.873,3.17e-06,0.644
-6.813,0.594,0.0626,5.14e-05,0.158
-11.089,0.646,0.073,0,0.956
-9.792,0.885,0.0022,0,0.764
-7.184,0.841,0.000654,2.36e-05,0.322
-14.674,0.415,0.798,4.71e-05,0.288
-7.396,0.573,0.00214,0,0.129
-8.232,0.374,0.788,0,0.669
-23.546,0.0736,0.886,0.0166,0.243
-4.971,0.658,0.0244,0.000146,0.113
-9.184,0.556,0.0629,0.041,0.587
-9.072,0.809,0.000264,0.00109,0.39
-7.607,0.4,0.452,6.78e-06,0.262
-8.458,0.719,0.00516,0.0103,0.792
-15.054,0.518,0.286,0.000232,0.729
-9.079,0.688,0.103,0.73,0.4
-24.777,0.0213,0.988,0.843,0.194
-19.804,0.0833,0.99,0.89,0.217
-4.14,0.979,0.00125,0.687,0.674
-4.78,0.79,0.246,0.733,0.556
-3.463,0.826,0.452,0,0.865
-7.937,0.741,6.73e-06,0.115,0.0994
-6.902,0.495,0.803,2.5e-05,0.423
-12.039,0.387,0.0755,0.861,0.133
-22.43,0.195,0.994,0.916,0.496
-10.958,0.67,0.582,0,0.572
-21.032,0.279,0.0241,0.897,0.293
-5.894,0.999,0.00217,0.105,0.156
-15.955,0.204,0.834,0.102,0.38
-9.782,0.48,0.0487,3.84e-05,0.137
-8.582,0.463,0.842,0.000189,0.641
-28.114,0.167,0.369,0.481,0
-10.817,0.726,0.615,1.2e-06,0.754
-13.186,0.363,0.957,0.00083,0.121
-6.01,0.866,2.79e-06,0.0966,0.413
-3.241,0.939,0.00185,0,0.873
-4.852,0.796,0.147,0,0.405
-24.634,0.0441,0.996,0.956,0.541
-3.591,0.863,2.02e-05,0.676,0.123
-7.077,0.718,0.287,4.9e-06,0.736
-3.766,0.67,0.458,0,0.651
-9.995,0.671,0.552,3.23e-05,0.921
-15.873,0.683,1.18e-05,0.897,0.192
-7.656,0.865,0.000235,0.0726,0.629
-14.419,0.492,0.776,0.96,0.246
-10.432,0.338,0.502,0.857,0.183
-7.481,0.531,0.0033,1.51e-06,0.671
-3.825,0.929,0.00353,0.000289,0.771
-20.854,0.101,0.762,0.888,0.0385
-12.857,0.664,0.133,0.925,0.0555
-12.474,0.486,0.839,0.0188,0.132
-2.917,0.849,0.0953,1.16e-05,0.926
-11.136,0.275,0.601,0,0.517
-5.817,0.809,0.00455,0.0723,0.525
-9.134,0.59,0.451,0.166,0.142
-8.979,0.782,0.33,1.27e-06,0.601
-5.699,0.816,0.21,0.0472,0.778
-7.469,0.833,0.122,0.000115,0.549
-5.721,0.761,0.242,0,0.484
-1.927,0.791,0.00345,0,0.48
-3.485,0.962,0.018,0,0.703
-5.57,0.477,0.656,0,0.296
-9.144,0.391,0.469,4.13e-06,0.437
-15.58,0.117,0.878,7.15e-05,0.196
-4.01,0.925,0.00804,0.767,0.442
-12.446,0.4,0.979,0.00265,0.922
-7.565,0.681,0.503,8.2e-06,0.677
-9.116,0.885,0.142,0.918,0.068
-7.409,0.688,0.905,0.00193,0.97
-12.521,0.401,0.942,1.38e-06,0.8
-6.643,0.614,0.704,0,0.571
-6.086,0.869,0.000352,5.65e-05,0.468
-6.981,0.489,0.5,0.939,0.47
-8.958,0.609,0.11,0.672,0.387
-5.082,0.935,0.00271,0.68,0.0433
-8.51,0.668,0.177,1.79e-05,0.454
-7.965,0.363,0.692,0,0.172
-6.555,0.73,0.0161,0.0028,0.128
-9.753,0.377,0.749,0,0.353
-11.533,0.876,0.149,0.82,0.346
-4.927,0.756,0.444,0,0.521
-6.302,0.463,0.88,0,0.761
-9.666,0.758,0.328,4.89e-06,0.612
-18.923,0.0683,0.994,0.901,0.319
-8.615,0.362,0.794,1.03e-05,0.233
-8.702,0.523,0.122,0.0189,0.301
-5.178,0.524,0.0495,8.18e-06,0.475
-9.695,0.249,0.904,0,0.293
-5.054,0.951,0.369,0.895,0.472
-3.985,0.992,2.14e-05,0,0.602
-16.785,0.197,0.93,0.971,0.0395
-7.055,0.636,0.208,0,0.654
-5.358,0.87,0.000226,0.000232,0.4
-12.183,0.524,0.0622,0.845,0.661
-8.384,0.313,0.756,0.000283,0.233
-5.385,0.848,0.0358,0,0.928
-3.859,0.844,0.361,6.44e-05,0.131
-4.802,0.58,0.461,0,0.22
-5.224,0.521,0.00468,0.00177,0.49
-16.737,0.629,0.81,0.993,1e-05
-19.751,0.386,0.125,0.213,0.891
-8.987,0.331,0.809,0,0.0877
-5.984,0.623,0.447,0.000721,0.139
-7.821,0.7,0.226,0.000698,0.331
-7.972,0.561,0.348,0.0106,0.667
-5.368,0.986,1.39e-05,0.00587,0.742
-2.387,0.888,0.271,0,0.618
-9.422,0.574,0.0409,1.35e-05,0.77
-6.398,0.51,0.782,0,0.586
-7.74,0.457,0.616,2.8e-05,0.926
-4.215,0.842,0.000832,0.898,0.309
-3.087,0.87,0.00522,1.12e-06,0.79
-4.593,0.97,1.55e-05,0.00443,0.31
-3.884,0.959,0.0082,0.71,0.895
-4.263,0.954,7e-04,0.839,0.689
-12.857,0.393,0.0158,0.000189,0.687
-11.995,0.427,0.816,0.0153,0.839
-24.421,0.0545,0.967,0.849,0.0428
-12.824,0.232,0.841,6.14e-05,0.155
-14.331,0.207,0.819,0.00363,0.0548
-10.215,0.374,0.795,0,0.779
-10.658,0.652,0.812,0.0143,0.754
-7.699,0.81,0.00146,0.0589,0.289
-4.445,0.882,0.0192,0,0.655
-4.908,0.935,0.801,0,0.471
-15.398,0.395,0.151,0.835,0.0288
-3.902,0.939,3.32e-05,0.86,0.549
-4.549,0.982,0.0781,1.55e-05,0.407
-6.407,0.595,0.0848,0.000165,0.26
-7.602,0.451,0.253,0.804,0.564
-10.647,0.351,0.515,0.925,0.0935
-5.759,0.89,0.000821,0,0.525
-4.351,0.91,0.0169,7.1e-06,0.794
-4.094,0.833,0.0121,0,0.808
-3.032,0.871,0.0356,0,0.636
-24.309,0.0409,0.991,0.919,0.175
-6.786,0.757,0.127,0.892,0.912
-10.463,0.472,0.918,0.000873,0.67
-6.158,0.867,0.415,1.19e-05,0.975
-7.635,0.549,0.00496,0.0793,0.856
-11.011,0.339,0.84,0.000123,0.469
-3.662,0.983,0.000123,0.000246,0.0378
-10.299,0.424,0.146,0.00209,0.652
-24.459,0.895,0.172,0.919,1e-05
-4.495,0.646,0.0977,0.179,0.824
-30.232,0.0125,0.974,0.0185,0.148
-17.9,0.39,0.106,0.889,0.12
-5.162,0.791,0.0343,0,0.881
-12.007,0.407,0.727,1.26e-06,0.137
-5.384,0.639,0.413,0,0.292
-9.334,0.715,0.922,0,0.466
-8.984,0.807,0.00515,0.863,0.171
-12.526,0.217,0.983,0.0194,0.192
-12.165,0.296,0.617,0,0.299
-8.516,0.753,0.0198,0.00128,0.777
-7.034,0.913,0.000212,4.46e-06,0.388
-3.905,0.934,0.0669,0,0.962
-7.589,0.842,0.181,0.000185,0.761
-7.822,0.574,0.00192,0.7,0.45
-7.401,0.763,3.4e-05,0.9,0.0542
-3.219,0.667,0.616,0,0.695
-6.296,0.749,0.0706,9.28e-06,0.202
-6.486,0.811,0.0116,0.673,0.944
-4.507,0.766,0.117,0,0.448
-5.435,0.789,0.000488,0.00965,0.332
-4.858,0.607,0.499,0,0.294
-13.396,0.351,0.0962,0,0.682
-4.528,0.947,0.0738,5.51e-05,0.428
-1.62,0.95,0.61,1.37e-05,0.576
-19.093,0.998,0.405,0.991,1e-05
-7.223,0.622,0.658,0,0.742
-16.11,0.524,0.000879,0.252,0.672
-6.393,0.62,0.629,0,0.267
-17.479,0.514,0.11,4.81e-06,0.604
-8.567,0.699,0.0075,0.869,0.219
-11.889,0.396,0.842,0.00078,0.423
-7.755,0.989,0.0018,0,0.0758
-21.658,0.0472,0.993,0.886,0.153
-11.045,0.426,0.629,0.000119,0.726
-4.638,0.922,0.0055,3.69e-06,0.532
-8.908,0.572,0.000751,0.93,0.485
-13.877,0.455,0.258,3.17e-05,0.43
-5.436,0.851,0.153,3.49e-06,0.126
-23.472,0.117,0.704,0.835,0.232
-3.209,0.977,0.000111,0,0.487
-9.668,0.263,0.599,2.3e-06,0.229
-7.789,0.637,0.608,0,0.854
-6.644,0.624,0.201,2.57e-05,0.899
-6.084,0.649,0.114,0,0.958
-24.271,0.836,0.996,0.997,0
-5.971,0.628,0.356,9.77e-05,0.385
-7.626,0.524,0.693,0.00263,0.733
-9.633,0.21,0.911,2.22e-06,0.163
-5.83,0.603,0.306,0,0.516
-2.847,0.8,0.822,0,0.653
-16.308,0.463,0.00103,0.952,0.219
-2.842,0.895,0.00793,0.000204,0.927
-8.65,0.578,0.197,3.34e-05,0.405
-7.804,0.85,0.00494,0.146,0.686
-5.456,0.851,0.0683,0,0.344
-10.587,0.328,0.784,2.83e-05,0.166
-13.493,0.0909,0.974,3.9e-06,0.257
-16.163,0.219,0.233,0.0464,0.17
-6.65,0.678,0.154,0.000229,0.664
-6.262,0.917,0.000219,0.0012,0.312
-14.182,0.184,0.671,0,0.497
-5.033,0.647,0.316,0,0.583
-5.319,0.815,0.365,0,0.702
-3.903,0.971,0.000226,0.437,0.265
-5.863,0.679,0.01,0,0.149
-4.003,0.998,0.000189,0.207,0.598
-16.777,0.0562,0.967,0.934,0.445
-11.673,0.236,0.912,2.78e-05,0.306
-4.635,0.985,0.000135,0,0.171
-15.967,0.265,0.968,0,0.46
-4.106,0.947,0.000184,0.000112,0.625
-13.782,0.257,0.786,0.713,0.063
-5.275,0.501,0.579,3.8e-06,0.121
-5.176,0.882,0.00147,0,0.656
-3.913,0.956,0.0856,0.000642,0.37
-11.657,0.414,0.605,0,0.546
-8.536,0.436,0.58,2.63e-05,0.483
-12.14,0.5,0.597,0,0.889
-8.873,0.484,0.0293,0,0.411
-3.468,0.967,8.28e-06,0.182,0.265
-9.356,0.378,0.482,0,0.669
-3.892,0.948,0.0104,0,0.316
-9.835,0.801,0.27,0,0.971
-3.347,0.728,0.356,0,0.885
-2.775,0.977,0.0943,1.62e-05,0.863
-7.761,0.638,0.217,0.015,0.52
-4.687,0.906,5.48e-06,0.166,0.433
-6.313,0.913,3.04e-05,0.000236,0.932
-2.391,0.918,0.0621,0,0.881
-7.186,0.872,0.00434,3.06e-05,0.699
-7.653,0.706,0.000711,0,0.292
-11.378,0.413,0.0412,0.381,0.349
-6.861,0.669,0.0425,0,0.559
-8.731,0.904,0.0622,0,0.767
-8.412,0.844,0.395,0.933,0.364
-14.319,0.251,0.663,0.876,0.0369
-6.084,0.869,0.000916,0.00346,0.647
-4.998,0.723,0.187,6.64e-06,0.962
-10.527,0.529,0.29,0,0.352
-8.519,0.782,0.0229,0.00161,0.639
-5.596,0.565,0.697,0,0.306
-5.49,0.569,0.123,0,0.653
-2.872,0.989,3.39e-06,0.152,0.483
-5.842,0.922,0.00231,0.138,0.711
-5.576,0.601,0.796,0.000511,0.453
-5.444,0.954,0.000408,0.0194,0.335
-6.565,0.723,0.541,1.12e-06,0.541
-4.822,0.983,0.0432,0.00213,0.456
-7.472,0.797,0.0466,0,0.949
-3.561,0.944,0.00672,0.000108,0.474
-4.387,0.821,0.507,0,0.968
-8.769,0.872,1.05e-05,0.893,0.181
-6.632,0.576,0.0735,0.848,0.393
-13.118,0.333,0.689,0,0.239
-5.713,0.4,0.214,0,0.227
-4.301,0.906,0.037,3.64e-05,0.605
-4.619,0.911,2.33e-05,0.00264,0.471
-14.635,0.458,0.112,0.0277,0.641
-5.769,0.615,0.723,0.000894,0.815
-17.782,0.076,0.938,6.8e-06,0.122
-7.673,0.695,0.42,0.00311,0.859
-23.607,0.112,0.79,0.855,0.145
-11.7,0.299,0.794,0,0.233
-11.897,0.959,4.29e-06,0.51,0.0953
-7.501,0.969,1.59e-05,0.863,0.376
-7.185,0.576,0.434,0.0344,0.907
-20.509,0.16,0.628,4.91e-06,0.267
-5.883,0.623,0.649,0,0.947
-5.888,0.635,0.766,0,0.321
-7.573,0.713,0.00717,0.905,0.667
-12.029,0.862,1.92e-05,0.901,0.355
-16.241,0.132,0.966,0,0.227
-7.063,0.782,0.00158,0.000318,0.553
-3.799,0.965,0.00281,0,0.5
-10.047,0.704,6.66e-05,0.898,0.269
-9.841,0.925,0.0148,0.815,0.669
-9.022,0.387,0.532,0.00548,0.0395
-6.686,0.607,0.397,0,0.255
-7.483,0.523,0.863,2.29e-05,0.686
-7.336,0.715,0.0121,1.57e-05,0.638
-10.269,0.435,0.00988,0.895,0.802
-3.855,0.98,4e-06,0.169,0.13
-6.165,0.66,0.0171,0,0.29
-6.772,0.705,0.000189,0.045,0.787
-10.697,0.768,0.0706,0.00115,0.838
-8.883,0.579,0.243,0,0.632
-14.15,0.376,0.596,5.75e-05,0.965
-2.819,0.977,0.000834,3.98e-06,0.386
-5.466,0.908,5.45e-06,0.856,0.313
-5.278,0.602,0.327,0.00945,0.698
-7.128,0.416,0.577,0,0.525
-6.861,0.793,0.000641,2.93e-05,0.457
-5.098,0.589,0.0293,0,0.27
-7.7,0.936,0.161,0,0.836
-7.188,0.476,0.568,0.208,0.559
-19.179,0.443,0.0284,0.0288,0.129
-5.273,0.813,0.00135,0,0.713
-9.711,0.429,0.446,0,0.558
-14.555,0.269,0.688,0.00359,0.255
-3.734,0.93,0.0194,0.000844,0.361
-4.405,0.946,0.000112,0.000164,0.201
-22.399,0.0824,0.98,0.903,0.0389
-6.456,0.408,0.668,0,0.799
-10.177,0.942,0.0301,0.851,0.285
-5.441,0.977,0.000256,3.5e-06,0.623
-7.273,0.97,1.64e-06,0.0533,0.0664
-10.671,0.59,0.027,2.69e-05,0.418
-5.119,0.914,0.0145,3.01e-05,0.322
-5.151,0.985,0.000632,0.955,0.201
-3.256,0.934,0.113,6.06e-05,0.849
-37.822,0.368,0.899,0.749,0.0316
-3.792,0.953,0.228,0,0.689
-15.692,0.531,0.338,0.852,0.103
-14.551,0.245,0.945,0.583,0.178
-11.389,0.495,0.704,0.87,0.678
-9.273,0.416,0.0137,0.479,0.351
-4.877,0.892,0.000256,0.0137,0.28
-5.237,0.558,0.664,0,0.706
-7.411,0.498,0.0798,5.61e-06,0.214
-3.935,0.6,0.0692,0,0.27
-3.862,0.931,0.18,0.0133,0.484
-4.179,0.909,0.481,9.47e-05,0.837
-11.129,0.189,0.905,0,0.292
-4.096,0.997,4.81e-06,0.94,0.121
-14.355,0.183,0.907,0,0.308
-13.301,0.244,0.906,0,0.578
-4.935,0.662,0.219,0.000763,0.569
-9.441,0.496,0.0839,0,0.319
-4.626,0.99,5.31e-05,0.000457,0.298
-2.339,0.834,0.253,0.0289,0.739
-8.009,0.595,0.397,0,0.84
-6.25,0.788,0.263,0.00525,0.581
-3.835,0.846,0.188,1.77e-06,0.684
-3.835,0.413,1.18e-06,0.904,0.0777
-17.152,0.256,0.897,0.0459,0.303
-7.016,0.953,0.00193,0.798,0.51
-22.698,0.152,0.965,0.919,0.0704
-11.99,0.465,0.643,5.5e-06,0.305
-11.866,0.663,0.745,0.000173,0.761
-4.097,0.832,0.0081,0,0.324
-7.259,0.633,0.0795,0.000318,0.782
-11.02,0.351,0.989,0.000485,0.116
-10.868,0.917,0.00015,0.914,0.53
-8.102,0.714,0.752,0,0.652
-6.734,0.596,0.814,0,0.711
-9.985,0.686,0.0117,0.607,0.653
-8.182,0.771,0.326,0.00367,0.868
-3.756,0.876,0.000932,0.000166,0.385
-7.043,0.664,0.448,0,0.785
-10.054,0.219,0.387,0,0.366
-3.234,0.903,0.000331,7.19e-05,0.59
-8.694,0.342,0.0134,0.00412,0.101
-8.776,0.618,0.392,2.92e-06,0.953
-2.515,0.718,0.505,0,0.766
-6.94,0.601,0.0108,0,0.678
-5.451,0.944,0.0133,0,0.396
-6.31,0.727,0.458,0,0.502
-17.424,0.16,0.823,0.00673,0.101
-11.861,0.375,0.766,2.41e-05,0.464
-4.489,0.946,0.0455,0,0.701
-12.372,0.513,0.758,8.64e-06,0.955
-13.442,0.207,0.935,9.63e-06,0.158
-4.093,0.648,0.47,0,0.768
-9.811,0.487,0.849,0,0.691
-5.607,0.571,0.0306,0,0.163
-6.738,0.848,0.616,8.68e-06,0.789
-5.302,0.785,0.118,0,0.609
-9.175,0.424,0.000823,0.128,0.581
-2.363,0.948,0.478,0,0.431
-9.046,0.457,0.0598,0.584,0.672
-5.864,0.935,0.00023,2.1e-05,0.512
-6.827,0.786,0.0527,1.24e-06,0.442
-4.424,0.955,4.65e-05,0.139,0.0916
-13.095,0.629,0.409,0.673,0.16
-7.395,0.971,1.48e-06,0.076,0.153
-3.968,0.648,0.63,0,0.239
-3.72,0.778,0.286,0,0.969
-7.878,0.753,0.0253,0.934,0.492
-8.224,0.841,3.35e-06,0.898,0.179
-6.72,0.917,0.115,0.0101,0.818
-7.101,0.585,0.00122,0.853,0.487
-6.366,0.793,0.313,0.867,0.719
-12.787,0.369,0.914,0.831,0.081
-6.502,0.616,0.575,0,0.971
-6.173,0.87,0.691,9.63e-05,0.96
-23.733,0.195,0.857,0.84,0.104
-5.024,0.785,0.00255,0,0.462
-8.127,0.96,0.000237,0.00739,0.0959
-4.979,0.539,0.082,7.01e-05,0.711
-4.246,0.578,0.00982,1.44e-05,0.156
-6.363,0.575,0.00261,0.682,0.855
-6.503,0.833,0.0142,5.4e-06,0.538
-5.681,0.477,0.185,0.0187,0.28
-3.673,0.906,0.00422,0.00434,0.523
-11.223,0.757,0.0016,0.000758,0.739
-5.359,0.832,0.149,0.703,0.21
-3.712,0.972,0.0936,0.629,0.226
-9.335,0.527,0.24,1.89e-06,0.679
-6.673,0.768,0.512,0,0.948
-4.606,0.701,0.709,0,0.576
-4.24,0.96,0.0576,0.254,0.699
-5.542,0.63,2.72e-06,0.733,0.307
-4.929,0.997,1.88e-06,5.37e-06,0.16
-4.945,0.694,0.436,0,0.538
-13.173,0.311,0.543,3.02e-05,0.136
-5.431,0.971,0.000132,0.0709,0.588
-21.031,0.824,4.7e-06,0.975,0.0316
-8.289,0.851,0.65,0,0.83
-3.551,0.936,0.259,1.53e-06,0.924
-6.981,0.951,0.000267,0.241,0.337
-4.169,0.898,0.0278,0.0094,0.324
-5.468,0.956,0.0123,0.000144,0.589
-7.142,0.87,0.00296,0,0.714
-20.533,0.216,0.986,0.813,0.845
-3.164,0.836,0.00268,0,0.396
-6.543,0.771,0.00556,0.127,0.547
-14.52,0.318,0.89,0.474,0.241
-6.47,0.871,0.169,0,0.939
-7.644,0.918,0.169,0.109,0.775
-11.068,0.248,0.84,0.0041,0.363
-4.113,0.942,0.000182,0.464,0.964
-7.539,0.502,0.699,0.000156,0.674
-5.791,0.968,0.000209,0.0525,0.0762
-8.498,0.371,0.923,0.0253,0.189
-8.404,0.836,0.0631,0.772,0.488
-17,0.273,0.858,0.344,0.313
-12.922,0.512,0.257,0.878,0.0824
-7.909,0.644,0.701,1.11e-06,0.9
-2.703,0.838,0.000815,0,0.82
-6.618,0.862,0.586,0.000208,0.962
-5.515,0.752,0.0224,0,0.165
-6.416,0.913,2.45e-05,0.289,0.334
-8.439,0.474,0.346,0.000116,0.508
-9.473,0.248,0.867,0,0.411
-7.661,0.419,0.771,0,0.186
-14.417,0.198,0.991,0.884,0.0906
-13.97,0.178,0.884,0,0.214
-7.706,0.66,0.654,1.66e-06,0.962
-10.147,0.675,0.605,0,0.744
-22.872,0.0733,0.992,0.892,0.676
-6.696,0.631,0.128,0.884,0.75
-6.825,0.641,0.572,0,0.919
-6.847,0.639,0.38,0.000181,0.12
-4.007,0.902,0.225,2.41e-06,0.66
-7.698,0.553,0.00754,1e-05,0.0908
-8.045,0.481,0.598,0,0.91
-7.785,0.675,0.00761,2.12e-05,0.594
-20.006,0.228,0.918,0.703,0.698
-3.846,0.878,0.00188,0.0453,0.0468
-11.337,0.461,0.0978,0.815,0.119
-8.136,0.727,0.00186,0.8,0.0554
-7.14,0.715,0.023,0.00213,0.222
-15.566,0.179,0.784,0,0.795
-5.088,0.855,0.23,0,0.758
-4.803,0.717,0.0779,0.00274,0.547
-11.051,0.416,0.345,0.136,0.223
-6.784,0.429,0.0444,0,0.52
-5.539,0.868,0.287,6.02e-05,0.637
-8.117,0.86,0.000854,0.00288,0.343
-7.638,0.755,0.00444,4.8e-06,0.724
-10.197,0.338,0.962,0.119,0.178
-13.808,0.432,0.0406,0,0.304
-7.303,0.38,0.692,0,0.233
-8.59,0.65,0.206,0.751,0.638
-5.411,0.868,0.00763,0.0638,0.802
-3.789,0.874,0.132,0,0.39
-10.768,0.356,0.474,0,0.772
-9.797,0.345,0.648,0.0206,0.192
-7.069,0.29,0.995,0.000163,0.312
-13.829,0.188,0.889,0,0.445
-6.094,0.875,0.0919,0.422,0.942
-6.698,0.568,0.0477,2.35e-05,0.129
-2.92,0.876,0.024,0,0.757
-14.917,0.419,0.458,0.649,0.0349
-6.567,0.565,0.0475,0.364,0.729
-13.256,0.237,0.951,0.0042,0.441
-5.067,0.729,0.13,0,0.637
-8.622,0.994,0.139,0.973,0.0158
-3.427,0.978,0.00033,0.0143,0.493
-7.134,0.662,0.0917,0.0013,0.323
-12.786,0.404,0.442,0,0.424
-2.1,0.996,5.63e-05,0.000167,0.0601
-3.724,0.943,0.171,6.59e-06,0.411
-5.217,0.78,0.243,0,0.602
-12.867,0.45,0.000401,0.00814,0.263
-9.415,0.609,0.516,0.00212,0.658
-4.024,0.971,0.0145,2.51e-05,0.756
-17.592,0.628,0.00125,0.932,0.319
-3.706,0.871,0.00115,0,0.201
-14.912,0.17,0.988,0.845,0.385
-6.534,0.774,0.00145,0,0.773
-3.587,0.994,3.65e-05,0.406,0.124
-25.398,0.0582,0.961,0.89,0.0454
-11.615,0.539,0.222,0,0.923
-6.917,0.797,0.617,0,0.816
-16.715,0.494,0.338,0.386,0.732
-18.939,0.111,0.913,0.000424,0.119
-9.61,0.48,0.334,0,0.706
-4.395,0.832,0.000372,0,0.404
-7.254,0.811,0.392,0,0.859
-12.745,0.497,0.836,0.384,0.0353
-3.18,0.774,0.0222,0,0.167
-10.09,0.649,0.701,1.33e-05,0.52
-4.662,0.639,0.357,0,0.211
0.377,0.963,0.107,0.692,0.031
-6.392,0.901,3.53e-05,0.881,0.821
-4.196,0.977,0.000498,0.896,0.293
-9.526,0.553,0.044,0.0096,0.433
-5.253,0.897,0.00635,7.26e-06,0.64
-6.296,0.566,0.0413,2.21e-06,0.857
-11.13,0.906,0.059,0.881,0.0651
-6.101,0.612,0.174,0.205,0.116
-2.645,0.972,2.53e-06,0.54,0.545
-8.229,0.76,0.611,0,0.652
-10.281,0.824,0.0798,0.759,0.0224
-4.326,0.835,0.0684,0,0.625
-11.384,0.519,4.4e-05,0.0607,0.278
-4.584,0.961,0.00116,0.0147,0.189
-10.861,0.569,0.521,0.000415,0.661
-5.626,0.664,0.0376,0,0.772
-8.042,0.914,0.554,0,0.0678
-8.618,0.484,0.732,0,0.432
-4.56,0.943,0.000147,0.138,0.547
-7.594,0.296,0.84,0,0.212
-6.24,0.949,1.62e-06,0.0124,0.245
-10.419,0.708,0.442,0,0.846
-9.236,0.829,5.12e-06,0.00823,0.455
-7.7,0.607,0.0112,1.38e-05,0.532
-7.089,0.827,0.0904,3.73e-06,0.912
-22.161,0.0592,0.985,0.978,0.0368
-7.038,0.916,0.068,0.845,0.548
-5.884,0.772,0.0208,1.09e-05,0.74
-2.966,0.966,0.00349,0.000198,0.533
-3.952,0.913,0.172,0.00011,0.512
-17.022,0.181,0.87,0.000279,0.146
-18.962,0.0484,0.961,0.899,0.202
-2.463,0.986,0.00862,0.0474,0.667
-9.359,0.7,0.0236,0.59,0.357
-10.179,0.406,0.606,0,0.582
-37.417,0.281,0.788,0.973,0.284
-10.914,0.197,0.934,0.739,0.0735
-18.906,0.0171,0.988,0.923,0.176
-5.175,0.787,0.00517,7.59e-05,0.506
-20.513,0.261,0.993,0.821,0.283
-4.151,0.914,0.00223,0.528,0.733
-5.994,0.801,0.665,2.51e-05,0.905
-9.892,0.823,0.426,1.71e-06,0.854
-5.904,0.998,0.000251,0.00566,0.0565
-24.062,0.0897,0.99,0.904,0.443
-4.243,0.952,1.37e-05,0.00201,0.557
-10.304,0.476,0.664,4.43e-05,0.797
-6.7,0.785,0.155,0,0.608
-4.332,0.678,0.203,0,0.371
-6.934,0.618,0.0903,0,0.649
-9.289,0.694,0.977,0.00304,0.811
-14.436,0.457,0.938,0.00646,0.527
-9.658,0.244,0.847,2.57e-06,0.39
-6.114,0.762,0.00216,0,0.708
-1.652,0.972,0.141,0,0.886
-2.684,0.848,0.049,0,0.749
-12.007,0.301,0.912,0,0.331
-12.279,0.484,0.645,0,0.625
-5.33,0.741,0.00544,0,0.646
-11.025,0.57,0.602,0,0.305
-5.432,0.783,0.634,0,0.561
-2.976,0.936,9.72e-06,0.00759,0.125
-7.713,0.586,0.0126,4.56e-06,0.79
-12.451,0.12,0.899,2.28e-05,0.369
-21.758,0.0451,0.81,0.0239,0.218
-6.692,0.9,0.000177,8.79e-06,0.339
-6.047,0.89,0.000116,5.86e-06,0.181
-6.267,0.777,0.686,0,0.903
-5.025,0.696,0.312,0,0.286
-4.411,0.81,0.845,0,0.633
-4.013,0.739,0.139,0,0.313
-3.407,0.906,0.000186,8.21e-06,0.449
-5.472,0.901,0.000343,0.0882,0.31
-7.7,0.849,0.000691,0.34,0.77
-7.701,0.821,0.000703,0.0214,0.968
-14.21,0.565,0.0317,0.864,0.598
-10.424,0.269,0.704,0,0.54
-4.773,0.914,0.00231,0,0.253
-4.433,0.975,7.65e-05,0.561,0.309
-4.718,0.953,0.00045,0,0.115
-2.152,0.909,0.393,0,0.824
-8.333,0.749,0.173,0.942,0.674
-17.604,0.248,0.864,0.298,0.232
-3.143,0.882,0.236,0,0.4
-34.977,0.00229,0.992,0.931,0.281
-7.557,0.735,0.331,0.00203,0.69
-9.858,0.708,0.00421,0.0339,0.074
-6.193,0.803,0.11,0,0.325
-12.154,0.536,0.246,0,0.929
-5.371,0.916,0.0731,0,0.805
-13.459,0.457,0.383,0.00333,0.67
-11.719,0.361,0.873,0,0.841
-6.032,0.522,0.219,0,0.463
-6.2,0.945,0.012,6.07e-05,0.687
-12.684,0.737,0.0421,0,0.766
-11.641,0.292,0.818,0.942,0.11
-11.309,0.398,0.893,0.944,0.05
-4.251,0.98,0.00436,7.35e-06,0.173
-14.19,0.338,0.572,5.25e-05,0.4
-15.152,0.259,0.78,0.653,0.0383
-3.818,0.697,0.742,0,0.926
-9.528,0.546,0.297,0,0.234
-10.519,0.391,0.64,0.965,0.0393
-9.597,0.557,0.158,0,0.788
-5.703,0.776,0.000772,0,0.61
-3.697,0.992,0.0019,0,0.302
-7.497,0.576,0.846,0,0.621
-3.511,0.919,0.224,1.24e-05,0.644
-5.739,0.832,0.00642,0.05,0.777
-6.65,0.74,0.11,0,0.46
-9.394,0.979,0.00153,0.875,0.557
-7.697,0.95,6.22e-05,0.00037,0.24
-8.575,0.687,0.339,0.000116,0.372
-5.751,0.634,0.192,0,0.339
-8.513,0.632,0.138,0,0.497
-9.091,0.797,0.00184,1.42e-05,0.206
-4.119,0.996,0.00208,0,0.327
-4.649,0.803,0.0647,0,0.655
-10.291,0.365,0.805,3.27e-06,0.824
-4.776,0.926,0.0252,0.169,0.659
-1.799,0.984,0.171,0,0.597
-7.854,0.638,0.179,0,0.525
-2.32,0.684,0.478,1.4e-06,0.748
-9.832,0.828,0.00353,7.38e-06,0.494
-13.682,0.158,0.817,0,0.329
-8.352,0.552,0.564,0.211,0.068
-5.183,0.73,0.202,0,0.625
-11.515,0.32,0.672,0,0.401
-6.555,0.503,0.0925,0,0.0688
-21.133,0.446,0.00121,0.746,0.0395
-28.765,0.427,0.896,0.905,0.00189
-8.69,0.354,0.785,1.17e-06,0.173
-6.249,0.956,0.00509,8.63e-06,0.502
-12.245,0.7,0.000436,0.000143,0.317
-15.68,0.209,0.866,2.26e-05,0.549
-3.151,0.947,0.25,0,0.88
-18.813,0.153,0.995,0.867,0.531
-7.243,0.647,0.00281,1.77e-05,0.508
-13.262,0.296,0.771,0,0.435
-7.915,0.457,0.172,0.000483,0.76
-13.256,0.363,0.963,2.71e-06,0.892
-6.046,0.783,0.473,8.02e-06,0.789
-2.36,0.913,0.0193,8.59e-06,0.73
-14.873,0.34,0.216,0.909,0.0382
-6.759,0.627,0.502,0,0.452
-6.433,0.74,0.631,0,0.803
-11.914,0.472,0.00709,0.925,0.951
-6.019,0.808,0.00191,0.000797,0.903
-15.846,0.227,0.575,0.591,0.609
-9.86,0.721,0.612,0.000358,0.67
-7.106,0.833,0.00039,0.247,0.244
-6.042,0.591,0.788,1.26e-05,0.651
-7.091,0.53,0.0686,0,0.219
-8.65,0.457,0.611,0,0.32
-21.971,0.0592,0.864,0.0588,0.337
-20.957,0.0256,0.981,0.918,0.103
-6.234,0.639,0.0684,0,0.347
-10.495,0.644,0.0112,0.893,0.139
-8.859,0.764,0.0664,0.927,0.956
-25.391,0.0749,0.994,0.836,0.2
-5.321,0.829,0.156,0.802,0.566
-10.777,0.331,0.64,0,0.636
-9.23,0.694,0.597,0,0.708
-8.698,0.317,0.707,0,0.594
-8.632,0.458,0.425,2.66e-06,0.621
-4.615,0.959,3.56e-05,0.000138,0.338
-2.01,0.866,0.0301,0,0.696
-6.414,0.811,0.581,0,0.68
-12.155,0.225,0.663,0.947,0.105
-4.086,0.879,0.0156,0.0151,0.492
-4.34,0.917,0.134,0.489,0.345
-4.018,0.871,0.407,0,0.763
-7.48,0.323,0.832,0,0.598
-6.037,0.711,0.74,0,0.683
-9.671,0.41,0.0397,2.7e-06,0.0692
-3.527,0.818,0.565,2.06e-06,0.912
-5.198,0.715,0.0993,0.000291,0.187
-6.583,0.377,0.992,0.000272,0.585
-7.417,0.499,0.418,0,0.174
-8.868,0.814,0.00717,0.0632,0.81
-4.557,0.887,0.00161,1.43e-05,0.438
-6.401,0.939,9.41e-06,0.00168,0.352
-12.367,0.336,0.552,0,0.459
-7.884,0.583,0.623,0.000681,0.422
-2.815,0.953,0.634,0,0.852
-8.992,0.536,0.381,0,0.577
-4.973,0.912,0.514,0,0.767
-5.766,0.759,0.391,0,0.94
-4.345,0.754,0.132,0,0.883
-21.593,0.206,0.157,0.64,0.0358
-16.376,0.239,0.822,0,0.166
-21.789,0.211,0.0874,4.16e-06,0.355
-12.637,0.107,0.969,0.013,0.414
-5.705,0.902,0.0044,0.00723,0.626
-8.06,0.967,5.62e-06,0.874,0.445
-2.979,0.91,1.22e-05,0.092,0.305
-21.957,0.28,0.11,0.878,0.177
-6.687,0.67,0.419,1.03e-05,0.7
-6.374,0.767,0.000231,0.953,0.486
-7.066,0.781,0.0452,0.00346,0.276
-5.807,0.957,0.00527,0,0.205
-3.681,0.867,0.00493,1.8e-06,0.61
-7.777,0.607,0.023,0.00549,0.398
-9.774,0.76,0.0771,0,0.4
-8.266,0.681,0.177,2.68e-05,0.723
-8.564,0.646,0.658,0.643,0.819
-26.527,0.985,0.272,0.94,0.00876
-5.091,0.89,0.781,0,0.802
-5.111,0.92,0.01,0,0.193
-4.628,0.6,0.446,0,0.704
-1.654,0.939,4.93e-05,0.0065,0.329
-27.393,0.014,0.995,0.921,0.106
-5.665,0.9,0.0045,5.96e-06,0.606
-14.802,0.688,0.0892,5.23e-05,0.515
-10.055,0.631,0.0416,0.00237,0.0887
-2.496,0.968,0.00835,0,0.694
-12.967,0.422,0.0165,0.00183,0.487
-12.186,0.665,0.00119,0.579,0.206
-8.312,0.745,0.00688,0.651,0.379
-13.169,0.493,0.0311,1.22e-06,0.805
-8.418,0.58,0.165,8.17e-06,0.649
-3.721,0.867,0.297,1.24e-06,0.852
-9.797,0.833,0.000777,0.00489,0.357
-9.74,0.536,0.183,1.9e-05,0.506
-6.611,0.951,0.00209,0.683,0.512
-2.38,0.854,0.524,0,0.965
-7.72,0.718,0.154,1.88e-05,0.374
-5.168,0.9,0.000508,0.901,0.115
-14.424,0.193,0.817,0,0.51
-4.589,0.921,0.0194,0.0881,0.7
-9.481,0.35,0.0263,0.868,0.31
-6.577,0.829,0.0293,0,0.575
-15.703,0.132,0.972,0.0474,0.0358
-11.624,0.25,0.734,0.000928,0.115
-4.664,0.693,0.027,0,0.572
-8.305,0.616,0.945,0,0.687
-11.597,0.553,0.0205,0.901,0.264
-16.376,0.108,0.861,0.934,0.0631
-4.496,0.961,0.0898,0,0.842
-8.779,0.366,0.432,0,0.983
-4.587,0.828,0.00928,0.000195,0.675
-7.837,0.59,0.467,0.79,0.602
-7.745,0.724,0.00897,0.000689,0.698
-14.61,0.188,0.873,0.00027,0.511
-10.718,0.634,0.111,0,0.886
-6.288,0.906,0.0113,0.000121,0.593
-4.67,0.867,0.0415,0,0.862
-7.005,0.555,0.0366,0.000618,0.0757
-12.913,0.292,0.506,4.12e-06,0.404
-12.332,0.445,0.841,1.76e-06,0.795
-6.97,0.834,0.61,0,0.495
-10.252,0.704,0.115,1.86e-06,0.574
-19.877,0.271,0.846,0.815,0.0564
-7.491,0.4,0.547,0.00448,0.186
-7.247,0.498,0.0758,1.51e-06,0.221
-15.338,0.147,0.946,5.72e-05,0.104
-6.141,0.881,0.0134,0,0.541
-6.377,0.713,0.632,0,0.447
-7.08,0.885,0.0181,0.88,0.636
-7.913,0.669,0.224,0,0.724
-7.553,0.955,3.52e-06,0.0791,0.213
-9.6,0.54,0.523,1.34e-06,0.44
-14.316,0.194,0.914,0.0698,0.43
-23.446,0.0284,0.976,0.673,0.0362
-7.961,0.448,0.869,0.00046,0.49
-2.073,0.941,0.00178,0.0121,0.258
-6.937,0.826,0.00848,8.98e-06,0.87
-6.317,0.629,0.000258,3.61e-06,0.804
-25.703,0.0359,0.996,0.924,0.155
-6.6,0.693,0.299,0,0.962
-6.481,0.805,0.137,0,0.797
-6.512,0.761,0.486,0,0.881
-2.928,0.876,0.0325,0,0.421
-5.075,0.618,0.726,0.00011,0.433
-13.742,0.294,0.918,0.000136,0.575
-4.598,0.946,0.000112,0,0.471
-14.074,0.508,0.802,0.000394,0.426
-22.967,0.269,0.1,0.79,0.0341
-3.817,0.947,0.0132,0,0.498
-12.244,0.289,0.586,3.19e-06,0.866
-22.933,0.000242,7.69e-06,0.854,0
-12.996,0.683,0.00915,0.894,0.627
-13.019,0.294,0.83,5.18e-05,0.311
-13.232,0.497,0.0396,0,0.781
-6.688,0.682,0.0146,0,0.551
-9.492,0.402,0.964,0.0161,0.632
-3.294,0.919,0.00127,0,0.292
-19.116,0.139,0.771,0.956,0.0346
-12.451,0.459,0.733,0.0593,0.35
-3.653,0.981,7.87e-05,0.928,0.0662
-5.37,0.921,0.0303,0.227,0.692
-6.867,0.595,0.0029,0.874,0.346
-11.52,0.459,0.0146,0.91,0.137
-20.655,0.0878,0.894,0.51,0.0374
-10.637,0.251,0.852,0.000119,0.65
-22.884,0.0752,0.973,0.921,0.0849
-10.965,0.313,0.586,0,0.578
-2.648,0.975,0.0604,1.24e-06,0.842
-3.4,0.922,0.0135,0.204,0.393
-5.095,0.959,0.000358,0,0.637
-11.095,0.816,0.00959,0.578,0.427
-10.046,0.577,0.258,0.000102,0.689
-8.034,0.873,0.205,0,0.922
-4.574,0.948,0.173,0,0.863
-7.763,0.804,0.309,1.81e-06,0.757
-4.403,0.996,1.08e-05,0.000449,0.246
-2.402,0.903,0.00107,0.891,0.888
-6.474,0.561,0.426,0,0.31
-23.331,0.118,0.845,0.908,0.262
-10.579,0.473,0.341,0.828,0.0615
-5.17,0.849,0.000627,0.00115,0.245
-5.588,0.721,0.259,0,0.66
-11.948,0.384,0.825,0.0299,0.657
-7.777,0.598,0.0904,0.551,0.18
-11.558,0.805,0.0999,0.911,0.772
-9.849,0.7,0.0827,0.131,0.537
-7.153,0.635,0.12,0.000206,0.439
-3.288,0.836,2.21e-05,0.96,0.14
-10.725,0.425,0.412,0.0173,0.713
-22.676,0.147,0.874,0.804,0.112
-13.594,0.413,0.582,0.00541,0.634
-3.218,0.963,0.0957,0,0.701
-5.136,0.75,0.000315,0.182,0.155
-13.952,0.744,0.0963,0.0109,0.807
-4.355,0.79,0.264,3.91e-05,0.914
-3.709,0.733,0.306,0,0.694
-10.824,0.394,0.636,0,0.339
-10.411,0.191,0.765,0,0.503
-8.577,0.575,0.931,0.786,0.389
-3.823,0.994,1.55e-05,0.00702,0.343
-6.788,0.82,0.776,0,0.484
-6.079,0.893,0.00365,0.0636,0.342
-3.365,0.808,0.000235,0,0.38
-4.179,0.765,0.101,0.000828,0.384
-11.218,0.362,0.0458,6.01e-06,0.158
-7.95,0.794,0.00199,0.000677,0.813
-17.82,0.44,0.719,0.895,0.407
-9.81,0.35,0.744,0,0.682
-12.159,0.195,0.617,0.26,0.524
-4.132,0.941,1.02e-05,0.467,0.528
-7.805,0.685,0.119,0,0.277
-6.372,0.439,0.846,0,0.56
-18.628,0.475,0.263,0.00701,0.406
-5.921,0.712,0.657,0,0.847
-11.919,0.34,0.446,0.0641,0.064
-7.074,0.786,3.7e-05,0.705,0.398
-4.379,0.672,0.119,0,0.754
-8.007,0.464,0.237,0,0.509
-10.113,0.322,0.826,0,0.451
-6.517,0.869,0.376,1.57e-06,0.894
-4.378,0.727,0.237,0,0.501
-11.413,0.382,0.987,0.165,0.447
-8.958,0.772,0.0782,3.57e-05,0.392
-3.528,0.961,0.00448,0.625,0.149
-4.98,0.94,6.13e-06,2.36e-05,0.178
-20.848,0.547,8.14e-05,0.969,0.0233
-8.881,0.612,0.104,5.49e-06,0.166
-15.163,0.245,0.277,0.000698,0.152
-6.609,0.749,0.145,0,0.733
-11.359,0.435,0.449,0,0.435
-7.524,0.578,0.443,0,0.227
-15.958,0.259,0.773,0.713,0.0501
-6.799,0.787,8.65e-05,5.34e-05,0.526
-4.702,0.527,0.0563,0.000412,0.588
-5.669,0.311,0.99,0,0.487
-12.691,0.385,0.509,0.0172,0.26
-7.751,0.683,0.00293,0,0.748
-8.89,0.503,0.00583,0.809,0.38
-29.867,0.0193,0.917,0.00136,0.31
-2.77,0.951,0.39,2.08e-06,0.938
-7.03,0.831,0.00304,0.00321,0.721
-8.327,0.294,0.764,0,0.126
-5.146,0.817,0.118,0,0.437
-10.886,0.519,0.0271,0.944,0.478
-9.227,0.395,0.78,0.0179,0.0811
-3.174,0.911,0.00144,2.17e-06,0.684
-6.997,0.499,0.0166,0,0.232
-10.685,0.209,0.919,1.98e-06,0.141
-4.568,0.808,0.22,0,0.869
-5.919,0.506,0.91,0.635,0.0431
-9.381,0.596,0.00976,0.00216,0.314
-5.67,0.749,0.0113,0.106,0.649
-4.639,0.818,0.47,0,0.782
-10.524,0.676,0.214,0.847,0.887
-6.612,0.831,0.235,0.00142,0.678
-5.873,0.86,0.461,0,0.963
-6.972,0.473,0.419,0,0.201
-6.791,0.887,0.696,1.69e-06,0.819
-5.643,0.88,0.302,0,0.786
-9.327,0.339,0.922,0,0.148
-3.214,0.934,0.0238,0,0.96
-4.126,0.951,0.00058,0.00165,0.491
-5.409,0.564,0.27,1.53e-05,0.231
-4.008,0.954,5.49e-05,0.000137,0.488
-3.291,0.988,1.93e-05,0.814,0.194
-5.325,0.859,0.623,0,0.728
-4.877,0.954,0.000455,0,0.485
-5.044,0.472,0.701,0.831,0.636
-12.384,0.359,0.357,8.55e-06,0.206
-6.53,0.71,0.605,1.51e-06,0.858
-14.908,0.821,0.054,0.918,0.912
-6.942,0.45,0.75,0,0.193
-3.228,0.993,0.000575,0,0.54
-6.823,0.882,0.117,0,0.468
-4.562,0.968,6.9e-05,0.141,0.0387
-7.761,0.674,0.483,0,0.862
-3.844,0.968,4.07e-05,0.972,0.036
-3.487,0.96,0.0142,0,0.0857
-9.79,0.274,0.262,0.23,0.0405
-28.215,0.00709,0.993,0.875,0.245
-6.178,0.787,0.0492,0,0.525
-3.315,0.921,0.0237,4.89e-06,0.77
-2.941,0.983,0.0153,0.00223,0.572
-6.484,0.789,0.379,0,0.753
-10.08,0.723,5.66e-05,0.000432,0.554
-22.98,0.988,0.159,0.849,0.0103
-12.764,0.921,1.18e-05,0.891,0.0929
-14.966,0.298,0.974,2.3e-05,0.529
-5.081,0.949,0.232,0.000491,0.785
-19.015,0.544,0.971,0.0489,0.0342
-8.324,0.28,0.857,7.07e-06,0.455
-25.223,0.219,0.961,0.48,0.255
-4.802,0.947,0.000818,0.00213,0.3
-5.576,0.741,0.0565,0,0.498
-4.369,0.883,0.363,0,0.593
-5.957,0.875,0.203,0.00151,0.523
-11.594,0.846,2.42e-06,0.899,0.359
-7.804,0.802,0.0887,0,0.451
-6.543,0.898,0.000328,0.796,0.229
-6.941,0.676,0.000368,0.933,0.0373
-4.158,0.82,0.000972,0,0.71
-3.213,0.847,0.107,0,0.712
-4.478,0.828,0.174,0,0.801
-13.911,0.348,0.987,0.104,0.9
-8.799,0.419,0.0173,0.505,0.216
-11.154,0.103,0.965,2.32e-06,0.438
-9.284,0.528,0.592,0,0.675
-2.911,0.918,0.0282,0,0.696
-10.762,0.722,0.000115,0.0208,0.284
-12.61,0.73,0.142,0.921,0.562
-6.283,0.555,0.23,0,0.504
-10.54,0.557,0.532,0.836,0.426
-14.788,0.279,0.447,0,0.405
-7.246,0.855,0.634,0.935,0.576
-2.703,0.991,0.00195,0,0.665
-11.252,0.343,0.969,0.0064,0.261
-2.779,0.996,1.58e-05,0.0232,0.0576
-4.13,0.966,0.000262,0.148,0.215
-3.082,0.906,0.000146,0.0229,0.039
-9.023,0.499,0.732,0.936,0.338
-8.825,0.787,0.683,0,0.9
-3.897,0.514,0.581,0,0.364
-5.97,0.567,0.417,0,0.223
-4.208,0.946,0.000576,0,0.27
-10.151,0.595,0.333,0,0.519
-12.539,0.325,0.416,0,0.194
-4.108,0.871,2.88e-06,0.716,0.485
-16.525,0.305,0.675,0.984,1e-05
-6.349,0.925,1.35e-05,0.703,0.2
-14.156,0.686,7.25e-05,0.672,0.961
-4.733,0.798,0.00416,0.00283,0.812
-8.043,0.686,0.0327,0,0.683
-6.487,0.819,0.0191,0.0133,0.732
-8.762,0.952,0.0169,0.0111,0.472
-4.79,0.949,0.000614,0.000244,0.503
-2.731,0.985,0.0125,0.000235,0.514
-9.873,0.282,0.928,0,0.296
-16.836,0.0932,0.965,1.78e-05,0.633
-7.038,0.894,0.00194,0.552,0.865
-5.966,0.62,0.195,0.778,0.681
-8.212,0.633,0.336,4.6e-05,0.895
-4.645,0.816,0.483,0,0.79
-8.236,0.68,0.00543,0.000162,0.118
-14.264,0.284,0.687,0.00444,0.169
-8.738,0.468,0.00555,0.0985,0.532
-14.222,0.28,0.701,0.707,0.0843
-11.418,0.282,0.776,0.00288,0.317
-6.128,0.975,6.07e-05,0.1,0.276
-12.555,0.164,0.993,0.00268,0.393
-4.615,0.861,0.0612,0.000289,0.625
-10.373,0.412,0.251,0.000321,0.388
-11.082,0.336,0.409,0,0.25
-4.365,0.923,0.0729,0,0.786
-5.696,0.691,0.0805,0,0.382
-6.388,0.879,0.139,0,0.546
-13.299,0.795,0.615,0.948,0.916
-8.272,0.666,0.256,0,0.923
-5.258,0.677,0.00836,0,0.144
-8.809,0.56,0.723,0,0.913
-18.982,0.135,0.979,0.948,0.083
-6.847,0.883,0.00483,0.00299,0.798
-4.394,0.672,0.0363,8.78e-06,0.526
-8.716,0.717,0.18,0,0.798
-20.386,0.115,0.984,0.975,0.188
-8.386,0.544,0.871,0.000219,0.491
-7.621,0.948,9.69e-05,0.198,0.318
-3.86,0.985,0.000511,2.18e-05,0.713
-5.094,0.901,0.0199,0.00156,0.985
-4.812,0.896,0.0153,1.26e-05,0.82
-5.775,0.857,0.076,0.00458,0.633
-5.04,0.992,0.00131,0.00596,0.1
-7.197,0.419,0.332,0.874,0.358
-10.024,0.48,0.0167,0,0.633
-9.967,0.617,0.933,0.926,0.552
-14.454,0.225,0.902,0.657,0.243
-4.688,0.936,0.000616,6.88e-05,0.359
-5.116,0.963,0.000286,0.000889,0.823
-13.116,0.113,0.883,0.00763,0.0628
-6.547,0.964,2.52e-05,0.0649,0.21
-6.189,0.882,0.0425,0,0.633
-4.296,0.917,0.000476,2.19e-06,0.245
-7.241,0.676,0.0234,0,0.373
-8.289,0.459,0.88,0.00216,0.473
-4.667,0.785,0.276,0,0.491
-5.211,0.91,0.0504,0,0.675
-12.184,0.267,0.533,0,0.714
-14.144,0.254,0.917,1e-04,0.455
-12.502,0.541,0.00772,0.546,0.527
-8.23,0.615,0.0384,0,0.746
-15.62,0.173,0.989,0.00379,0.685
-8.361,0.886,0.000457,0,0.312
-4.935,0.696,0.0857,8.09e-05,0.312
-4.063,0.934,2.97e-05,0.0089,0.285
-2.293,0.982,9.11e-05,0.149,0.501
-4.157,0.964,0.000599,1.14e-05,0.712
-4.995,0.946,0.0549,0,0.855
-5.668,0.849,0.0479,0,0.365
-5.297,0.714,0.28,0,0.969
-28.367,0.058,0.793,0.892,0.0343
-1.559,0.951,0.148,0,0.324
-8.001,0.99,0.000375,0.419,0.926
-10.068,0.932,0.013,0.169,0.619
-3.208,0.991,1.32e-06,0.719,0.166
-7.096,0.624,0.0754,0.000762,0.472
-4.285,0.931,2.04e-05,0.604,0.616
-10.263,0.414,0.927,0.000357,0.356
-8.007,0.78,0.0024,0.0506,0.51
-4.895,0.971,7.21e-06,0.896,0.664
-5.237,0.979,0.0206,0.83,0.356
-12.435,0.681,0.725,0,0.963
-13.693,0.183,0.882,5.58e-06,0.201
-5.822,0.867,0.000429,1.37e-06,0.248
-4.941,0.603,0.23,0,0.208
-8.953,0.601,0.841,0,0.601
-4.47,0.896,0.0094,0.000345,0.962
-4.168,0.972,2.98e-06,0.0267,0.357
-11.013,0.396,0.221,0,0.718
-12.115,0.273,0.498,0.000248,0.139
-4.874,0.728,2.52e-05,7.41e-05,0.535
-8.515,0.818,0.111,0,0.475
-25.318,0.377,0.546,0,0.342
-12.231,0.4,0.772,0.0264,0.143
-14.14,0.672,0.379,0.895,0.14
-23.622,0.233,0.843,0.876,0.0388
-4.388,0.706,0.922,0,0.802
-7.507,0.713,0.16,0,0.447
-9.599,0.596,0.766,0.0888,0.597
-6.016,0.733,0.67,0,0.672
-5.944,0.949,0.116,1.87e-05,0.67
-11.425,0.259,0.652,0,0.562
-7.432,0.464,0.739,1.33e-06,0.87
-9.319,0.467,0.0217,0.931,0.559
-7.451,0.723,0.408,4.77e-05,0.869
-4.449,0.947,0.861,0,0.354
-15.596,0.224,0.189,0.201,0.339
-3.867,0.728,0.388,0,0.57
-6.666,0.959,0.215,0.000535,0.556
-8.465,0.557,0.751,0,0.797
-11.245,0.793,0.436,0.00584,0.0654
-10.577,0.26,0.913,2.1e-06,0.49
-22.729,0.157,0.889,0.947,0.0684
-3.933,0.932,0.000139,7.02e-05,0.46
-5.907,0.727,0.0316,0.188,0.788
-2.614,0.99,0.00261,0,0.558
-7.515,0.733,0.364,8.32e-06,0.903
-6.827,0.92,0.00115,0.888,0.135
-8.921,0.411,0.745,6.08e-05,0.348
-7.372,0.414,0.0371,0.791,0.122
-25.31,0.0349,0.995,0.951,0.354
-22.53,0.056,0.949,0.765,0.0437
-6.136,0.524,0.42,9.27e-06,0.711
-1.076,0.963,0.119,0.909,0.239
-9.08,0.451,0.822,0,0.534
-5.422,0.791,0.353,0,0.708
-6.696,0.641,0.0104,0,0.134
-6.964,0.476,0.21,0.000127,0.17
-5.66,0.676,0.0165,0.91,0.147
-4.629,0.773,0.00158,0.0957,0.541
-8.237,0.655,0.788,0.901,0.454
-6.228,0.829,0.386,6.2e-05,0.744
-11.164,0.494,0.938,0.000934,0.592
-19.407,0.155,0.89,0.935,0.257
-6.12,0.898,5.58e-06,0.141,0.482
-5.879,0.544,0.498,1.15e-06,0.345
-4.449,0.791,0.363,0,0.315
-12.13,0.324,0.888,0.000264,0.161
-9.59,0.13,0.947,0,0.338
-9.41,0.82,0.00145,0.512,0.195
-5.703,0.711,0.0017,0.0251,0.959
-10.492,0.614,0.527,0.0175,0.601
-4.874,0.575,0.0679,7.22e-05,0.33
-4.363,0.742,0.00286,0.00105,0.47
-8.868,0.617,0.741,0.267,0.813
-5.556,0.817,0.133,0,0.564
-3.705,0.729,0.448,0,0.773
-10.238,0.447,0.742,0,0.536
-6.906,0.793,0.0564,0,0.943
-7.525,0.746,0.0784,0,0.842
-5.188,0.762,0.0224,0,0.859
-6.354,0.653,0.0528,0.948,0.784
-2.466,0.926,4.43e-06,0.00467,0.149
-7.49,0.543,0.976,0.646,0.52
-7.981,0.833,0.000327,2.36e-05,0.586
-13.649,0.327,0.885,0,0.129
-4.488,0.989,0.000364,2.48e-05,0.407
-13.232,0.601,0.147,0.106,0.679
-7.787,0.324,0.923,3.35e-05,0.446
-7.297,0.432,0.888,0.617,0.126
-4.478,0.752,0.492,0,0.457
-6.156,0.602,0.0525,0,0.19
-19.674,0.108,0.983,0.849,0.159
-10.192,0.719,0.0221,0,0.585
-25.938,0.0712,0.795,0.921,0.0447
-5.778,0.989,7.96e-05,0.378,0.534
-5.595,0.66,0.208,0,0.549
-7.354,0.679,0.673,0.000441,0.877
-14.684,0.228,0.834,0.000805,0.161
-5.248,0.674,0.0881,0,0.248
-4.917,0.939,2.24e-05,2.89e-05,0.454
-8.286,0.747,0.413,3.56e-05,0.266
-10.658,0.489,0.919,1.9e-05,0.76
-10.506,0.662,0.767,0,0.747
-6.441,0.87,0.185,6.15e-05,0.878
-10.938,0.478,0.629,0,0.824
-7.694,0.66,0.346,0,0.818
-5.928,0.459,0.642,1.48e-06,0.232
-6.554,0.813,0.00221,0.0204,0.382
-12.112,0.374,0.865,0.000304,0.244
-10.465,0.811,0.00426,0.126,0.743
-4.387,0.765,0.0178,0,0.685
-6.218,0.727,0.00139,0,0.307
-10.624,0.429,0.417,0.49,0.324
-7.521,0.479,0.756,0,0.517
-4.361,0.606,0.687,0.000189,0.581
-20.256,0.0785,0.969,0.499,0.0748
-6.897,0.836,0.307,0,0.95
-5.537,0.857,0.00086,0.0326,0.0714
-3.711,0.772,0.66,0,0.655
-1.515,0.994,0.0533,0.814,0.233
-13.844,0.56,0.189,0.00455,0.855
-10.16,0.777,0.0174,0.914,0.869
-5.676,0.569,0.608,0,0.264
-19.074,0.566,0.846,0.767,0.0396
-6.739,0.724,0.0775,0.885,0.401
-3.179,0.957,0.0161,0,0.691
-25.051,0.118,0.738,0.98,0.0325
-4.349,0.636,0.611,0,0.388
-7.572,0.799,0.305,2.97e-05,0.688
-5.284,0.813,0.106,0,0.814
-3.551,0.863,0.133,0.0538,0.532
-5.162,0.45,0.846,0,0.348
-9.229,0.897,0.00312,0.00921,0.668
-10.328,0.288,0.843,0.0115,0.572
-4.175,0.929,0.00287,9.08e-06,0.272
-12.477,0.624,0.00928,0.686,0.0306
-5.318,0.985,2.63e-05,0.326,0.0398
-6.313,0.89,0.00149,0.000526,0.317
-7.163,0.765,0.000863,0.0158,0.492
-4.953,0.766,0.256,0,0.794
-16.433,0.169,0.981,0.000497,0.317
-1.642,0.951,0.00195,0,0.748
-9.594,0.736,0.657,0,0.953
-3.882,0.727,0.0556,0,0.481
-12.238,0.676,0.000724,0.958,0.137
-2.497,0.939,0.0274,0.561,0.443
-6.444,0.474,0.839,0.00089,0.31
-4.33,0.905,0.00314,0,0.504
-2.493,0.964,0.00249,0.0396,0.374
-22.952,0.00269,0.991,0.915,0.124
-8.456,0.489,0.59,0,0.515
-6.307,0.597,0.685,0.000273,0.961
-13.645,0.322,0.774,0,0.194
-5.409,0.526,0.564,0,0.122
-3.368,0.782,8.83e-06,0.025,0.173
-6.663,0.716,0.0624,0.000685,0.338
-6.366,0.563,0.345,0,0.668
-4.526,0.913,1.88e-05,2.26e-06,0.59
-12.405,0.154,0.102,0.00692,0.0949
-10.167,0.676,0.0151,0.00491,0.454
-5.709,0.628,0.00686,0,0.218
-2.018,0.973,0.0741,0,0.925
-10.661,0.643,0.00101,0.918,0.262
-4.939,0.649,0.17,0,0.459
-4.705,0.713,0.179,0,0.301
-4.783,0.91,0.0321,0.000478,0.774
-11.729,0.722,0.25,0.0129,0.716
-4.108,0.943,0.000175,0.000156,0.338
-9.155,0.318,0.542,0.93,0.353
-21.105,0.0215,0.967,0.0326,0.0842
-11.088,0.35,0.641,0,0.399
-6.392,0.782,0.703,0,0.805
-23.074,0.131,0.99,0.937,0.143
-15.383,0.379,0.676,0.962,0.0661
-17.777,0.194,0.915,0.92,0.221
-8.962,0.474,0.67,1.41e-05,0.182
-8.985,0.653,0.341,0.00102,0.685
-9.055,0.668,0.425,0.913,0.676
-4.632,0.945,0.000226,0.0056,0.169
-5.249,0.671,0.344,0,0.798
-19.81,0.0832,0.985,0.878,0.0801
-2.715,0.995,0.0189,0.838,0.452
-1.02,0.946,0.0833,0,0.39
-11.769,0.324,0.457,2.2e-06,0.268
-9.927,0.58,0.593,4.41e-06,0.954
-4.57,0.798,0.284,4.86e-06,0.766
-16.805,0.183,0.987,0.899,0.16
-16.363,0.164,0.612,0,0.427
-4.736,0.928,8.16e-05,0,0.481
-8.811,0.745,0.00358,2.29e-05,0.296
-9.908,0.384,0.66,0,0.531
-5.178,0.919,7.73e-05,0,0.741
-7.096,0.794,0.177,0.0689,0.682
-8.662,0.704,0.24,4.95e-06,0.746
-9.043,0.295,0.449,0.000279,0.49
-5.125,0.918,0.0459,0,0.795
-7.208,0.839,0.000114,0.904,0.561
-8.897,0.615,0.689,0.861,0.303
-19.4,0.24,0.719,0.917,0.107
-11.217,0.528,0.00378,0.863,0.0863
-8.576,0.404,0.864,1.75e-06,0.968
-11.555,0.565,0.352,1.38e-05,0.965
-14.2,0.891,0.243,0.786,0.286
-1.778,0.877,0.0265,0.00852,0.738
-5.703,0.91,0.0285,0.000198,0.767
-4.399,0.875,0.132,0,0.671
-16.398,0.381,0.544,0.349,0.198
-1.756,0.773,2.36e-06,0.707,0.0426
-6.154,0.731,0.283,2.42e-06,0.561
-6.223,0.673,0.446,0.0201,0.209
-12.745,0.457,0.0372,0.897,0.516
-11.096,0.601,0.717,0.00351,0.841
-3.633,0.915,0.00193,0.00793,0.789
-9.707,0.519,0.185,0,0.208
-5.457,0.507,0.963,1.81e-06,0.849
-9.814,0.376,0.416,0.000179,0.347
-6.128,0.554,0.67,0.000152,0.407
-18.357,0.153,0.777,0.841,0.107
-4.28,0.995,0.0258,0.904,0.758
-4.784,0.816,0.226,0,0.61
-15.652,0.314,0.926,0.912,0.135
-32.108,0.0349,0.967,0.249,0.0219
-4.587,0.774,0.333,0,0.663
-13.752,0.272,0.742,0,0.607
-3.567,0.929,0.00064,3.25e-06,0.73
-8.761,0.694,0.00317,0.0677,0.865
-6.483,0.55,0.605,3.96e-06,0.429
-12.91,0.464,0.425,0.803,0.313
-2.769,0.91,0.04,0,0.588
-5.567,0.968,0.13,0.00692,0.831
-10.047,0.574,0.765,0,0.488
-12.819,0.148,0.815,0,0.249
-6.681,0.755,0.751,0,0.864
-5.21,0.863,0.25,0.714,0.465
-6.639,0.513,0.21,1.67e-05,0.978
-7.914,0.368,0.739,1.13e-06,0.507
-8.036,0.68,0.0517,0,0.768
-5.225,0.574,0.224,0,0.176
-2.6,0.974,0.00341,0,0.817
-10.399,0.334,0.78,0,0.333
-12.126,0.232,0.926,0.00357,0.245
-2.258,0.978,0.126,0.000546,0.314
-18.571,0.393,0.861,0,0.381
-19.345,0.291,0.834,0.64,0.313
-5.205,0.869,0.369,0,0.963
-6.444,0.931,0.0115,0.00187,0.811
-13.274,0.299,0.769,0,0.839
-14.014,0.29,0.914,3.33e-05,0.451
-9.538,0.408,0.657,0.188,0.276
-12.125,0.247,0.921,0.00565,0.36
-12.332,0.257,0.798,5.93e-06,0.585
-7.718,0.784,0.337,0.917,0.31
-5.365,0.734,0.0334,0,0.413
-2.295,0.953,0.00525,4.61e-06,0.821
-13.365,0.653,0.95,0.884,0.921
-25.831,0.138,0.963,0.809,0.172
-10.002,0.734,0.273,0,0.897
-7.539,0.455,0.863,0,0.466
-4.912,0.423,0.524,0,0.897
-5.715,0.847,0.000177,0.753,0.537
-6.195,0.43,0.477,0.88,0.227
-5.148,0.881,0.00888,0.00716,0.176
-16.744,0.465,0.792,0.976,1e-05
-12.712,0.385,0.907,0.929,0.132
-7.472,0.579,0.667,0.000579,0.839
-9.883,0.615,0.000105,0.865,0.343
-12.582,0.672,0.197,0.936,0.505
-9.016,0.481,0.697,0,0.293
-10.228,0.553,0.261,1.03e-05,0.351
-11.786,0.517,0.851,0.148,0.163
-12.772,0.351,0.834,0.000127,0.625
-3.593,0.8,0.255,0,0.422
-4.17,0.882,0.245,0,0.878
-7.671,0.607,0.0127,2.32e-05,0.536
-8.73,0.499,0.403,0.000322,0.278
-9.312,0.908,2.43e-05,4.67e-05,0.403
-9.333,0.532,0.455,2.34e-05,0.926
-20.759,0.442,0.507,0.0139,0.709
-22.07,0.127,0.989,0.924,0.318
-5.179,0.727,0.0387,0,0.385
-6.663,0.613,0.195,0.00263,0.788
-9.328,0.53,0.646,9.98e-05,0.523
-13.003,0.261,0.588,0.000391,0.282
-14.33,0.204,0.968,0.455,0.0397
-9.341,0.896,0.000374,7.17e-05,0.882
-12.281,0.634,0.0225,0.798,0.148
-11.094,0.499,0.464,0.000652,0.142
-14.246,0.292,0.00134,0.914,0.132
-11.543,0.431,0.424,8.52e-05,0.414
-5.572,0.504,0.388,7.4e-05,0.551
-8.638,0.59,0.00182,0.00379,0.243
-7.2,0.87,0.000469,0.00727,0.607
-4.214,0.989,0.000655,4.87e-06,0.327
-3.546,0.857,0.000999,0.00138,0.235
-13.905,0.835,0.0546,0.582,0.114
-9.382,0.327,0.604,8.75e-05,0.546
-11.953,0.384,0.024,0.434,0.852
-6.877,0.543,0.0297,0,0.302
-21.041,0.151,0.959,0.678,0.143
-5.589,0.924,0.00228,0.69,0.201
-8.965,0.702,0.82,4.25e-05,0.351
-12.733,0.254,0.827,0.000139,0.129
-7.256,0.597,0.523,0,0.414
-5.956,0.741,0.00214,3.91e-06,0.943
-3.958,0.77,0.0585,1.46e-05,0.411
-5.911,0.674,0.0207,0,0.751
-24.469,0.144,0.982,0.954,0.0351
-17.708,0.172,0.962,0.825,0.259
-7.55,0.451,0.766,0.00152,0.229
-9.627,0.658,0.00194,0.894,0.204
-6.859,0.746,0.00528,0.000334,0.788
-4.9,0.977,4.08e-05,0.00387,0.453
-8.954,0.531,0.566,0,0.433
-22.008,0.0331,0.994,0.0183,0.316
-6.557,0.835,0.00221,0.0403,0.621
-5.705,0.67,0.279,0,0.672
-12.873,0.64,0.00229,0.766,0.81
-11.763,0.227,0.866,1.25e-05,0.284
-6.568,0.911,9.48e-05,0.0151,0.794
-1.792,0.999,0.00251,2.69e-05,0.0905
-19.406,0.275,0.459,0.834,0.0756
-11.429,0.252,0.951,0.0526,0.234
-6.646,0.653,0.508,0,0.355
-11.363,0.223,0.866,0.00829,0.328
-28.838,0.485,0.903,0.958,0.00212
-4.683,0.855,0.673,2.29e-05,0.85
-15.099,0.47,0.306,0,0.79
-5.197,0.904,0.000429,0.0842,0.342
-24.642,0.167,0.877,0.967,0.0393
-6.811,0.454,0.45,4.08e-05,0.464
-3.86,0.927,0.00277,0,0.529
-6.772,0.612,0.382,0,0.84
-7.366,0.522,0.532,0,0.389
-10.583,0.882,0.0166,1.46e-06,0.757
-12.027,0.267,0.898,3.15e-06,0.383
-2.401,0.988,0.113,0,0.518
-4.957,0.9,0.0753,3.68e-05,0.694
-6.751,0.936,0.000171,0.355,0.948
-11.237,0.446,0.738,0,0.538
-11.7,0.463,0.576,0,0.871
-5.9,0.666,0.00229,0,0.277
-5.403,0.871,0.0197,3.49e-06,0.536
-7.557,0.846,0.657,0,0.693
-6.848,0.677,0.141,0.00153,0.608
-7.168,0.588,0.789,0,0.879
-4.152,0.802,0.00155,7.34e-05,0.59
-11.725,0.355,0.847,0.942,0.118
-12.125,0.166,0.757,9.06e-06,0.207
-5.625,0.692,0.00196,3.75e-06,0.103
-7.097,0.873,0.000518,0.000158,0.25
-6.019,0.635,0.00629,0,0.594
-14.232,0.657,0.016,0.615,0.0335
-4.388,0.756,0.0298,0,0.469
-6.073,0.826,0.581,2.65e-06,0.962
-11.925,0.244,0.856,0.00165,0.395
-2.431,0.934,0.0561,7.33e-06,0.749
-6.952,0.333,0.93,0.00352,0.679
-8.131,0.587,0.33,3.85e-06,0.908
-5.402,0.762,0.236,0.179,0.674
-7.579,0.399,0.307,0.000327,0.476
-8.713,0.795,0.0356,1.12e-05,0.877
-4.325,0.998,8e-05,0.603,0.0286
-3.459,0.926,0.0704,0,0.832
-14.717,0.264,0.98,0.913,0.11
-12.659,0.417,0.0124,0.721,0.527
-7.228,0.668,0.427,0.887,0.315
-8.066,0.79,0.000896,0.89,0.0614
-4.484,0.635,0.161,0,0.236
-5.464,0.797,0.0289,4.35e-06,0.232
-9.907,0.95,0.000761,0.951,0.8
-6.326,0.378,0.686,2.41e-06,0.674
-4.343,0.953,0.0164,0.921,0.55
-9.549,0.585,0.218,0.00978,0.831
-5.305,0.839,0.0109,0,0.883
-4.293,0.631,0.546,0.0205,0.374
-11.732,0.25,0.572,0,0.1
-8.767,0.5,0.355,2.69e-06,0.619
-6.404,0.709,0.296,0,0.314
-6.425,0.887,0.794,0,0.34
-14.12,0.183,0.823,4.38e-05,0.602
-22.827,0.0135,1.21e-05,0.631,1e-05
-4.678,0.85,0.000246,0.014,0.211
-4.086,0.643,0.569,0,0.722
-28.071,0.083,0.831,0.817,0.0362
-10.021,0.424,0.781,0.00931,0.284
-8.886,0.548,0.81,0.0193,0.622
-8.066,0.328,0.969,0,0.896
-10.491,0.289,0.14,0,0.246
-10.953,0.255,0.424,0,0.629
-9.068,0.597,0.0303,0.000134,0.262
-11.615,0.306,0.387,0,0.963
-3.689,0.869,0.000245,0.488,0.274
-9.265,0.331,0.822,0.000695,0.113
-13.836,0.919,0.000143,0.709,0.332
-16.347,0.373,0.787,0.98,0.033
-7.698,0.819,0.000484,0.0412,0.598
-22.991,0.0722,0.905,0.705,0.0608
-9.121,0.606,0.718,0.00204,0.615
-3.056,0.407,0.718,0,0.141
-7.173,0.618,0.0481,0,0.301
-6.538,0.902,0.000566,0.712,0.278
-8.065,0.863,0.000654,0.00106,0.29
-6.496,0.497,0.783,0,0.207
-17.432,0.124,0.93,2.05e-06,0.192
-20.238,0.109,0.981,0.858,0.0517
-13.248,0.536,0.0529,0.000465,0.846
-11.312,0.324,0.466,0.692,0.199
-5.518,0.944,0.274,0,0.681
-6.132,0.572,0.104,0,0.752
-11.368,0.405,0.706,0,0.706
-3.646,0.697,0.133,0.818,0.29
-4.48,0.88,0.0952,0.872,0.25
-6.65,0.935,1.41e-05,0.876,0.933
-13.02,0.509,0.0104,0.86,0.341
-26.44,0.0299,0.991,0.917,0.171
-10.127,0.535,0.00015,0.71,0.566
-7.224,0.619,0.782,0,0.961
-3.231,0.877,0.345,0,0.894
-5.206,0.826,0.0052,1.11e-05,0.462
-8.921,0.543,0.838,3.86e-06,0.316
-14.857,0.233,0.397,0,0.35
-14.752,0.255,0.66,0.459,0.0371
-7.822,0.736,0.289,0,0.693
-6.675,0.43,0.948,4.11e-06,0.33
-23.231,0.107,0.795,0.854,0.128
-13.435,0.107,0.886,0,0.433
-9.239,0.523,0.137,0,0.881
-18.812,0.112,0.952,0.909,0.196
-6.012,0.783,0.131,4.16e-05,0.703
-5.004,0.68,0.717,0,0.433
-3.74,0.855,5.25e-05,0.0468,0.202
-20.759,0.0938,0.93,0.89,0.0342
-14.308,0.19,0.784,2.68e-05,0.448
-4.376,0.59,0.0031,4.8e-05,0.471
-5.376,0.572,0.0164,0,0.414
-7.934,0.894,9.8e-05,0.777,0.0954
-31.024,0.0126,0.966,0.85,0.068
-6.2,0.726,0.101,8.41e-05,0.832
-15.762,0.192,0.947,0,0.418
-4.425,0.998,2.6e-05,0.00682,0.038
-3.838,0.889,0.312,0.8,0.592
-9.694,0.206,0.673,0,0.354
-10.442,0.559,0.000164,0.694,0.466
-6.537,0.92,0.000733,3.85e-06,0.436
-9.916,0.661,0.61,0.726,0.205
-6.345,0.538,0.0611,2.32e-05,0.918
-3.456,0.949,0.0946,0.000588,0.773
-6.693,0.899,0.156,0.892,0.721
-9.891,0.354,0.0709,0.863,0.583
-6.649,0.458,0.00343,0.158,0.0647
-1.759,0.986,0.00124,6.41e-05,0.25
-12.782,0.265,0.296,0.0865,0.273
-4.399,0.852,0.0934,0.00198,0.88
-6.328,0.673,0.0908,2.93e-06,0.599
-6.113,0.731,0.526,0.0015,0.746
-6.632,0.803,0.0745,1.16e-06,0.339
-9.15,0.512,0.155,4.65e-05,0.73
-20.01,0.154,0.975,0.824,0.149
-3.991,0.968,9.16e-06,0.757,0.354
-6.592,0.854,0.659,0,0.636
-29.284,0.0275,0.987,0.883,0.12
-12.04,0.366,0.676,0.00011,0.929
-5.009,0.88,0.465,1.63e-05,0.895
-6.297,0.628,0.00502,2.02e-05,0.551
-5.426,0.716,0.436,0,0.426
-11.683,0.217,0.77,0.000162,0.291
-7.731,0.351,0.639,0.656,0.459
-4.407,0.481,0.491,0,0.208
-4.058,0.942,0.0016,4.32e-06,0.301
-4.787,0.873,0.00872,0,0.705
-23.264,0.0549,0.932,0.00594,0.136
-16.744,0.124,0.995,0.0867,0.452
-4.014,0.553,0.427,0,0.428
-11.419,0.494,0.31,0,0.816
-7.804,0.326,0.995,0.225,0.28
-8.223,0.55,0.315,0.000502,0.177
-4.345,0.726,0.372,0.000744,0.527
-9.13,0.727,0.000578,0.867,0.256
-4.028,0.812,0.737,1.2e-06,0.798
-14.93,0.35,0.798,0,0.685
-9.046,0.541,0.028,0.000937,0.317
-4.971,0.777,0.181,0,0.923
-10.072,0.43,0.455,0,0.564
-10.272,0.357,0.427,0,0.22
-5.411,0.477,0.987,3.73e-05,0.569
-12.976,0.192,0.883,0,0.406
-8.257,0.825,0.205,0.0933,0.0366
-13.121,0.487,0.523,0,0.524
-9.45,0.858,0.114,0.0923,0.872
-6.718,0.867,0.00225,0.535,0.573
-4.402,0.814,0.000722,0.432,0.329
-4.022,0.757,0.0789,0,0.625
-11.88,0.365,0.941,7.27e-05,0.843
-4.64,0.901,0.000701,2.79e-05,0.571
-9.643,0.288,0.833,2.52e-06,0.218
-8.383,0.475,0.886,0,0.344
-6.24,0.89,0.0647,0,0.456
-9.173,0.579,0.768,0,0.549
-3.391,0.951,0.00247,0,0.581
-6.451,0.681,0.0645,0,0.185
-3.539,0.906,0.00424,0,0.763
-3.985,0.709,0.00348,0,0.534
-11.987,0.148,0.923,0,0.224
-16.324,0.0939,0.992,0.859,0.134
-5.423,0.745,0.402,0,0.903
-9.461,0.521,0.0678,0.149,0.337
-4.181,0.899,0.0143,3.59e-05,0.87
-15.577,0.293,0.983,0.00676,0.691
-12.815,0.864,0.00106,0.91,0.35
-4.95,0.701,0.508,0.0377,0.566
-6.668,0.358,0.804,0,0.385
-9.921,0.373,0.341,0.525,0.554
-10.352,0.418,0.741,0,0.808
-6.131,0.979,0.00108,2.63e-05,0.692
-4.734,0.823,0.0073,1.82e-05,0.553
-10.407,0.573,0.85,0.000681,0.558
-6.114,0.756,0.0272,9.33e-06,0.136
-5.894,0.801,0.00119,0.513,0.408
-8.98,0.517,0.282,2.04e-05,0.334
-5.63,0.977,9.78e-05,0.694,0.0819
-9.428,0.316,0.764,0,0.258
-11.261,0.295,0.983,0,0.607
-2.81,0.807,0.0495,0.0177,0.398
-7.102,0.643,0.549,0,0.8
-22.457,0.0401,0.441,0.844,0.0351
-6.302,0.665,0.124,0.000155,0.597
-16.974,0.34,0.986,0.874,0.11
-13.153,0.23,0.81,0,0.267
-4.436,0.872,0.305,0,0.831
-16.93,0.313,0.549,0.882,0.0416
-6.411,0.41,0.513,0,0.483
-5.946,0.888,0.000239,0.00708,0.191
-9.859,0.455,0.216,0.00012,0.456
-3.768,0.934,0.0101,1.32e-05,0.54
-4.773,0.781,0.0036,0,0.289
-8.174,0.476,0.665,0.00273,0.645
-9.892,0.338,0.134,0.00184,0.689
-14.134,0.321,0.818,4.67e-05,0.46
-7.993,0.668,0.738,0,0.72
-6.471,0.757,0.147,0,0.712
-4.601,0.653,0.00463,1.27e-06,0.35
-14.76,0.29,0.611,0.911,0.0394
-8.66,0.696,0.654,0,0.749
-9.584,0.77,0.507,0.947,0.361
-3.067,0.974,0.178,0.00726,0.878
-7.843,0.549,0.000798,0.00485,0.531
-7.613,0.558,0.719,0,0.85
-6.256,0.739,0.00428,3.65e-06,0.429
-14.969,0.606,0.00398,0.0919,0.531
-8.002,0.77,0.72,0,0.864
-5.549,0.715,0.386,0,0.866
-23.789,0.063,0.904,0.899,0.0382
-9.571,0.998,0.0474,0.124,0.323
-11.734,0.369,0.906,0.305,0.584
-4.641,0.907,0.00115,0,0.337
-9.203,0.64,0.624,0,0.639
-7.635,0.483,0.68,0.805,0.104
-7.373,0.525,0.14,0,0.686
-5.981,0.636,9.45e-05,0.0529,0.147
-4.656,0.898,0.304,0.00019,0.712
-6.06,0.954,0.000483,0.524,0.841
-13.527,0.454,0.426,0,0.933
-7.159,0.789,0.101,0,0.549
-6.849,0.668,0.212,0.0615,0.842
-18.415,0.179,0.91,0,0.566
-12.077,0.511,0.511,0.413,0.652
-9.469,0.402,0.942,0.915,0.25
-9.126,0.798,0.000841,0.274,0.275
-22.858,0.112,0.922,0.648,0.0384
-7.457,0.299,0.502,0,0.137
-7.097,0.914,0.199,0.00018,0.619
-2.497,0.747,0.39,0,0.962
-8.025,0.35,0.75,0,0.126
-16.167,0.332,0.479,0.00503,0.144
-6.873,0.418,0.847,1.43e-06,0.686
-5.09,0.733,0.00878,9.01e-06,0.741
-4.273,0.688,0.121,0,0.506
-6.1,0.953,1.09e-05,0.00485,0.752
-12.274,0.621,0.297,2.5e-05,0.642
-2.437,0.955,0.67,1.29e-06,0.789
-7.877,0.235,0.0321,0.82,0.0618
-6.404,0.671,0.299,0,0.451
-11.012,0.351,0.709,8.61e-05,0.796
-7.638,0.656,0.00803,0,0.323
-8.091,0.621,0.0862,0.152,0.397
-12.309,0.525,0.519,0.118,0.0385
-11.149,0.432,0.933,0.803,0.395
-3.496,0.961,0.00646,0,0.427
-4.287,0.993,0.00014,0.0184,0.0498
-8.348,0.596,0.0101,0,0.783
-6.76,0.595,0.8,0,0.704
-9.119,0.482,0.187,0.0404,0.776
-4.918,0.862,0.116,6.49e-06,0.61
-5.573,0.666,0.000565,0.000186,0.239
-8.419,0.406,0.195,0,0.197
-8.79,0.839,0.0534,0.0706,0.219
-7.658,0.899,8.5e-05,0.904,0.098
-4.65,0.904,0.092,0.0256,0.67
-5.498,0.854,0.000323,0.555,0.918
-6.007,0.861,7.61e-05,0.898,0.361
-15.544,0.158,0.976,0.498,0.685
-3.851,0.816,0.182,0,0.735
-6.433,0.821,0.786,0,0.576
-5.85,0.962,1.45e-05,0.0473,0.223
-4.399,0.966,1.04e-06,0.149,0.191
-6.868,0.76,0.311,6.03e-05,0.887
-22.194,0.203,0.986,0.915,0.274
-5.25,0.604,0.563,0.00108,0.82
-4.326,0.783,0.0768,0,0.655
-5.249,0.967,3.26e-06,0.00511,0.466
-5.217,0.47,0.291,0,0.636
-14.32,0.224,0.884,1.15e-06,0.636
-6.888,0.736,0.0421,5.03e-05,0.739
-4.166,0.581,0.576,4.59e-05,0.597
-13.704,0.227,0.891,1.11e-05,0.431
-9.477,0.306,0.857,0,0.315
-4.364,0.997,0.000463,3.95e-05,0.13
-7.288,0.659,0.813,0,0.876
-4.426,0.825,0.0157,0,0.97
-8.536,0.696,0.308,1.02e-06,0.948
-7.504,0.862,0.0125,0.000236,0.234
-13.599,0.187,0.907,0,0.484
-18.9,0.999,0.474,0.988,1e-05
-3.963,0.813,1.94e-05,0.022,0.228
-5.218,0.942,4.85e-05,0.00224,0.47
-7.499,0.77,0.0238,6.83e-05,0.883
-9.552,0.499,0.603,0,0.217
-7.565,0.795,0.62,0,0.691
-11.896,0.305,0.476,0,0.52
-8.803,0.787,0.0793,0.0648,0.383
-11.272,0.446,0.719,0.918,0.656
-5.806,0.596,0.705,0,0.563
-25.095,0.0681,0.99,0.916,0.0721
-5.825,0.974,1.5e-05,0.000353,0.491
-32.014,0.636,0.784,1,0.00782
-5.142,0.843,0.902,0,0.56
-11.147,0.534,0.569,0,0.943
-15.055,0.502,0.0719,0.755,0.598
-11.362,0.303,0.238,8.09e-06,0.15
-6.318,0.872,0.00287,0.0425,0.937
-13.404,0.229,0.124,0.855,0.514
-2.252,0.947,0.00261,0,0.474
-4.586,0.929,0.00198,8.79e-06,0.3
-14.334,0.518,0.223,0.858,0.164
-3.627,0.935,0.143,2.01e-06,0.703
-4.849,0.559,0.128,0,0.278
-26.925,0.0472,0.986,0.79,0.401
-6.424,0.741,0.000989,0.00237,0.129
-12.109,0.481,0.187,0.995,0.226
-8.945,0.554,0.234,5.16e-05,0.491
-16.293,0.174,0.955,0.922,0.0399
-8.517,0.442,0.334,0.000424,0.0904
-5.835,0.973,0.000169,0.0198,0.152
-8.492,0.584,0.694,0.879,0.339
-6.223,0.764,0.0717,0,0.376
-16.224,0.0854,0.922,0,0.203
-8.251,0.575,0.625,5.87e-06,0.357
-7.344,0.758,0.00613,1.08e-05,0.918
-2.208,0.974,0.00857,2.92e-05,0.756
-4.806,0.838,0.00491,0,0.526
-14.046,0.251,0.877,0.897,0.0375
-18.67,0.228,0.916,0.733,0.086
-9.696,0.614,0.121,0.916,0.365
-3.412,0.995,1.11e-05,0.00161,0.342
-6.238,0.52,0.559,0.00061,0.458
-5.017,0.932,0.00105,0.114,0.586
-6.886,0.406,0.407,0,0.135
-7.181,0.569,0.601,0.000243,0.683
-6.796,0.51,0.0224,0.707,0.209
-8.44,0.388,0.535,0,0.158
-3.942,0.909,0.00277,1e-06,0.167
-10.205,0.369,0.0388,0.83,0.661
-12.533,0.512,0.3,0.000851,0.263
-5.811,0.83,0.0882,0,0.48
-2.516,0.788,0.442,0,0.36
-10.246,0.844,0.232,0.857,0.142
-4.571,0.908,0.00065,3.56e-05,0.632
-6.138,0.814,0.613,0,0.774
-14.164,0.644,0.738,0,0.464
-5.909,0.748,0.393,0,0.558
-8.454,0.527,0.232,0,0.659
-22.377,0.124,0.992,0.879,0.123
-24.473,0.0549,0.984,0.933,0.176
-6.014,0.739,0.714,0,0.942
-7.218,0.67,0.00565,0.00676,0.725
-7.105,0.811,0.707,0,0.897
-3.463,0.977,0.00237,0,0.413
-16.699,0.468,0.0475,0.925,0.873
-7.627,0.221,0.994,0.0272,0.438
-3.422,0.956,2.95e-05,0.851,0.446
-8.595,0.637,0.215,0.116,0.426
-4.516,0.978,6.61e-06,0.000868,0.334
-12.985,0.226,0.718,0,0.0845
-4.756,0.984,2.78e-05,0.00571,0.0398
-11.488,0.196,0.803,0,0.169
-30.401,0.143,0.393,0.0379,0.0366
-7.603,0.335,0.461,0,0.961
-7.208,0.548,0.51,0.136,0.415
-5.107,0.683,0.632,0,0.778
-6.776,0.596,0.0813,0.000171,0.682
-7.884,0.504,0.35,0,0.87
-2.042,0.988,2.64e-05,7.86e-05,0.769
-11.803,0.601,0.627,1.03e-05,0.831
-5.033,0.977,3.12e-05,4.38e-06,0.172
-5.946,0.731,0.517,0.179,0.152
-4.103,0.905,0.000289,0.00011,0.236
-9.575,0.292,0.855,2.52e-06,0.576
-4.818,0.708,0.0204,4.08e-05,0.405
-3.904,0.89,0.022,5.32e-05,0.806
-14.393,0.106,0.981,0,0.633
-11.887,0.291,0.687,1.53e-05,0.66
-7.139,0.955,0.418,0,0.923
-13.874,0.294,0.94,0.928,0.462
-10.691,0.576,0.898,0.0417,0.354
-21.407,0.945,0.137,0.993,1e-05
-3.648,0.68,0.524,0.000335,0.524
-8.215,0.434,0.161,0,0.272
-4.348,0.97,0.00442,0.027,0.551
-6.975,0.606,0.564,7.6e-05,0.779
-10.565,0.449,0.383,0.0182,0.699
-16.889,0.398,0.795,0.979,0
-10.675,0.27,0.786,0.000153,0.748
-5.615,0.59,0.242,0,0.411
-5.496,0.996,0.000119,0.0589,0.442
-6.189,0.869,0.00448,0.0843,0.199
-9.886,0.383,0.642,0,0.948
-6.161,0.82,0.0403,0,0.921
-16.097,0.186,0.555,0.00928,0.193
-13.294,0.606,0.0732,0.743,0.0768
-12.628,0.209,0.915,0,0.323
-10.073,0.414,0.671,0.901,0.271
-11.587,0.647,0.227,0.825,0.289
-12.998,0.69,0.631,0.897,0.0398
-9.276,0.392,0.72,0.88,0.64
-12.837,0.418,0.107,0.917,0.0375
-12.66,0.676,0.0232,0.381,0.171
-3.055,0.944,0.433,1.73e-06,0.917
-5.408,0.958,0.00609,0.00106,0.403
-8.45,0.496,0.719,0,0.571
-24.109,0.154,0.988,0.905,0.286
-6.777,0.798,0.0579,0,0.714
-5.218,0.759,0.153,0.000108,0.435
-4.521,0.829,0.00381,0,0.868
-5.615,0.678,0.532,0,0.718
-4.46,0.899,0.553,0,0.882
-4.31,0.863,0.0626,0,0.676
-5.163,0.858,0.0175,0,0.876
-3.219,0.99,0.000192,5.54e-05,0.663
-11.489,0.739,0.211,0.348,0.695
-5.728,0.681,0.312,0,0.675
-8.276,0.704,0.00113,0.696,0.391
-8.042,0.652,0.000379,0.881,0.121
-8.364,0.611,0.0342,0.000108,0.138
-5.171,0.557,0.0687,0.805,0.536
-2.185,0.775,0.00993,0.00185,0.422
-12.028,0.242,0.964,0.00788,0.406
-7.518,0.418,0.902,0,0.791
-11.139,0.855,1.9e-06,0.87,0.279
-6.805,0.636,0.497,0,0.548
-8.765,0.444,0.000343,0.00181,0.406
-4.592,0.987,0.000133,0.00813,0.116
-14.114,0.634,0.838,0.904,0.735
-5.085,0.587,0.254,4.42e-06,0.357
-3.953,0.904,0.000244,1.75e-06,0.38
-12.555,0.336,0.926,0,0.774
-9.023,0.505,0.758,1.44e-06,0.98
-6.364,0.597,0.342,0,0.331
-13.188,0.9,2.49e-05,0.822,0.555
-23.964,0.0775,0.996,0.933,0.29
-10.12,0.518,0.0267,0.00936,0.307
-8.983,0.858,0.136,0.772,0.118
-7.255,0.818,0.117,0.654,0.115
-13.426,0.896,0.014,0.888,0.36
-6.065,0.666,0.0158,2.59e-05,0.648
-13.622,0.491,0.392,1.3e-05,0.922
-8.131,0.338,0.988,0.00223,0.576
-18.65,0.0841,0.985,0.943,0.0713
